2025-05-07 16:51:35,340 - INFO - Loading movie dataset
2025-05-07 16:51:35,527 - INFO - Starting data processing
2025-05-07 16:51:35,554 - INFO - Converted budget to numeric (with NaN values)
2025-05-07 16:51:35,554 - INFO - Converted revenue to numeric (with NaN values)
2025-05-07 16:51:35,554 - INFO - Converted vote_count to numeric (with NaN values)
2025-05-07 16:51:35,554 - INFO - Converted popularity to float64 (with NaN values)
2025-05-07 16:51:35,554 - INFO - Converted runtime to float64 (with NaN values)
2025-05-07 16:51:35,554 - INFO - Converted vote_average to float64 (with NaN values)
2025-05-07 16:51:35,558 - INFO - Converted release_date to datetime
2025-05-07 16:51:35,562 - INFO - Cleaned original_title - filled NaN and stripped whitespace
2025-05-07 16:51:35,566 - INFO - Cleaned title - filled NaN and stripped whitespace
2025-05-07 16:51:35,568 - INFO - Cleaned original_language - filled NaN and stripped whitespace
2025-05-07 16:51:35,570 - INFO - Cleaned status - filled NaN and stripped whitespace
2025-05-07 16:51:35,574 - INFO - Cleaned director - filled NaN and stripped whitespace
2025-05-07 16:51:35,670 - INFO - Performing data quality validation...
2025-05-07 16:51:35,670 - WARNING - Unusually long runtime detected: 338.0 minutes
2025-05-07 16:51:35,670 - INFO - Data validation complete
2025-05-07 16:51:35,670 - INFO - Saving processed data
2025-05-07 16:51:35,736 - INFO - Processing complete
2025-05-07 16:51:35,767 - INFO - Dash is running on http://127.0.0.1:8050/

2025-05-07 16:51:37,342 - INFO - Loading movie dataset
2025-05-07 16:51:37,502 - INFO - Starting data processing
2025-05-07 16:51:37,528 - INFO - Converted budget to numeric (with NaN values)
2025-05-07 16:51:37,529 - INFO - Converted revenue to numeric (with NaN values)
2025-05-07 16:51:37,529 - INFO - Converted vote_count to numeric (with NaN values)
2025-05-07 16:51:37,529 - INFO - Converted popularity to float64 (with NaN values)
2025-05-07 16:51:37,529 - INFO - Converted runtime to float64 (with NaN values)
2025-05-07 16:51:37,529 - INFO - Converted vote_average to float64 (with NaN values)
2025-05-07 16:51:37,530 - INFO - Converted release_date to datetime
2025-05-07 16:51:37,534 - INFO - Cleaned original_title - filled NaN and stripped whitespace
2025-05-07 16:51:37,538 - INFO - Cleaned title - filled NaN and stripped whitespace
2025-05-07 16:51:37,541 - INFO - Cleaned original_language - filled NaN and stripped whitespace
2025-05-07 16:51:37,543 - INFO - Cleaned status - filled NaN and stripped whitespace
2025-05-07 16:51:37,547 - INFO - Cleaned director - filled NaN and stripped whitespace
2025-05-07 16:51:37,633 - INFO - Performing data quality validation...
2025-05-07 16:51:37,633 - WARNING - Unusually long runtime detected: 338.0 minutes
2025-05-07 16:51:37,633 - INFO - Data validation complete
2025-05-07 16:51:37,633 - INFO - Saving processed data
2025-05-07 16:51:37,696 - INFO - Processing complete
2025-05-07 16:52:11,657 - INFO - Loading movie dataset
2025-05-07 16:52:11,801 - INFO - Starting data processing
2025-05-07 16:52:11,852 - INFO - Converted budget to numeric (with NaN values)
2025-05-07 16:52:11,852 - INFO - Converted revenue to numeric (with NaN values)
2025-05-07 16:52:11,852 - INFO - Converted vote_count to numeric (with NaN values)
2025-05-07 16:52:11,853 - INFO - Converted popularity to float64 (with NaN values)
2025-05-07 16:52:11,853 - INFO - Converted runtime to float64 (with NaN values)
2025-05-07 16:52:11,853 - INFO - Converted vote_average to float64 (with NaN values)
2025-05-07 16:52:11,854 - INFO - Converted release_date to datetime
2025-05-07 16:52:11,859 - INFO - Cleaned original_title - filled NaN and stripped whitespace
2025-05-07 16:52:11,863 - INFO - Cleaned title - filled NaN and stripped whitespace
2025-05-07 16:52:11,866 - INFO - Cleaned original_language - filled NaN and stripped whitespace
2025-05-07 16:52:11,869 - INFO - Cleaned status - filled NaN and stripped whitespace
2025-05-07 16:52:11,872 - INFO - Cleaned director - filled NaN and stripped whitespace
2025-05-07 16:52:11,988 - INFO - Performing data quality validation...
2025-05-07 16:52:11,988 - WARNING - Unusually long runtime detected: 338.0 minutes
2025-05-07 16:52:11,988 - INFO - Data validation complete
2025-05-07 16:52:11,988 - INFO - Saving processed data
2025-05-07 16:52:12,051 - INFO - Processing complete
2025-05-07 18:16:07,996 - INFO - Converted budget to numeric (with NaN values)
2025-05-07 18:16:07,996 - INFO - Converted revenue to numeric (with NaN values)
2025-05-07 18:16:07,996 - INFO - Converted vote_count to numeric (with NaN values)
2025-05-07 18:16:07,997 - INFO - Converted popularity to float64 (with NaN values)
2025-05-07 18:16:07,997 - INFO - Converted runtime to float64 (with NaN values)
2025-05-07 18:16:07,997 - INFO - Converted vote_average to float64 (with NaN values)
2025-05-07 18:16:08,001 - INFO - Converted release_date to datetime
2025-05-07 18:16:08,006 - INFO - Cleaned original_title - filled NaN and stripped whitespace
2025-05-07 18:16:08,010 - INFO - Cleaned title - filled NaN and stripped whitespace
2025-05-07 18:16:08,013 - INFO - Cleaned original_language - filled NaN and stripped whitespace
2025-05-07 18:16:08,015 - INFO - Cleaned status - filled NaN and stripped whitespace
2025-05-07 18:16:08,019 - INFO - Cleaned director - filled NaN and stripped whitespace
2025-05-07 18:16:08,129 - INFO - Performing data quality validation...
2025-05-07 18:16:08,129 - WARNING - Unusually long runtime detected: 338.0 minutes
2025-05-07 18:16:08,129 - INFO - Data validation complete
2025-05-07 18:17:32,198 - INFO - Converted budget to numeric (with NaN values)
2025-05-07 18:17:32,199 - INFO - Converted revenue to numeric (with NaN values)
2025-05-07 18:17:32,199 - INFO - Converted vote_count to numeric (with NaN values)
2025-05-07 18:17:32,199 - INFO - Converted popularity to float64 (with NaN values)
2025-05-07 18:17:32,199 - INFO - Converted runtime to float64 (with NaN values)
2025-05-07 18:17:32,199 - INFO - Converted vote_average to float64 (with NaN values)
2025-05-07 18:17:32,203 - INFO - Converted release_date to datetime
2025-05-07 18:17:32,208 - INFO - Cleaned original_title - filled NaN and stripped whitespace
2025-05-07 18:17:32,214 - INFO - Cleaned title - filled NaN and stripped whitespace
2025-05-07 18:17:32,216 - INFO - Cleaned original_language - filled NaN and stripped whitespace
2025-05-07 18:17:32,220 - INFO - Cleaned status - filled NaN and stripped whitespace
2025-05-07 18:17:32,224 - INFO - Cleaned director - filled NaN and stripped whitespace
2025-05-07 18:17:32,349 - INFO - Performing data quality validation...
2025-05-07 18:17:32,349 - WARNING - Unusually long runtime detected: 338.0 minutes
2025-05-07 18:17:32,350 - INFO - Data validation complete
2025-05-07 18:18:25,944 - INFO - Converted budget to numeric (with NaN values)
2025-05-07 18:18:25,946 - INFO - Converted revenue to numeric (with NaN values)
2025-05-07 18:18:25,947 - INFO - Converted vote_count to numeric (with NaN values)
2025-05-07 18:18:25,949 - INFO - Converted popularity to float64 (with NaN values)
2025-05-07 18:18:25,950 - INFO - Converted runtime to float64 (with NaN values)
2025-05-07 18:18:25,950 - INFO - Converted vote_average to float64 (with NaN values)
2025-05-07 18:18:25,968 - INFO - Converted release_date to datetime
2025-05-07 18:18:25,975 - INFO - Cleaned original_title - filled NaN and stripped whitespace
2025-05-07 18:18:25,980 - INFO - Cleaned title - filled NaN and stripped whitespace
2025-05-07 18:18:25,983 - INFO - Cleaned original_language - filled NaN and stripped whitespace
2025-05-07 18:18:25,985 - INFO - Cleaned status - filled NaN and stripped whitespace
2025-05-07 18:18:25,989 - INFO - Cleaned director - filled NaN and stripped whitespace
2025-05-07 18:18:26,094 - INFO - Performing data quality validation...
2025-05-07 18:18:26,094 - WARNING - Unusually long runtime detected: 338.0 minutes
2025-05-07 18:18:26,094 - INFO - Data validation complete
2025-05-07 18:18:26,309 - INFO - Dash is running on http://127.0.0.1:8050/

2025-05-07 18:18:27,310 - INFO - Converted budget to numeric (with NaN values)
2025-05-07 18:18:27,311 - INFO - Converted revenue to numeric (with NaN values)
2025-05-07 18:18:27,311 - INFO - Converted vote_count to numeric (with NaN values)
2025-05-07 18:18:27,311 - INFO - Converted popularity to float64 (with NaN values)
2025-05-07 18:18:27,311 - INFO - Converted runtime to float64 (with NaN values)
2025-05-07 18:18:27,311 - INFO - Converted vote_average to float64 (with NaN values)
2025-05-07 18:18:27,313 - INFO - Converted release_date to datetime
2025-05-07 18:18:27,317 - INFO - Cleaned original_title - filled NaN and stripped whitespace
2025-05-07 18:18:27,323 - INFO - Cleaned title - filled NaN and stripped whitespace
2025-05-07 18:18:27,326 - INFO - Cleaned original_language - filled NaN and stripped whitespace
2025-05-07 18:18:27,329 - INFO - Cleaned status - filled NaN and stripped whitespace
2025-05-07 18:18:27,333 - INFO - Cleaned director - filled NaN and stripped whitespace
2025-05-07 18:18:27,445 - INFO - Performing data quality validation...
2025-05-07 18:18:27,445 - WARNING - Unusually long runtime detected: 338.0 minutes
2025-05-07 18:18:27,446 - INFO - Data validation complete
2025-05-07 18:19:08,518 - INFO - Converted budget to numeric (with NaN values)
2025-05-07 18:19:08,519 - INFO - Converted revenue to numeric (with NaN values)
2025-05-07 18:19:08,519 - INFO - Converted vote_count to numeric (with NaN values)
2025-05-07 18:19:08,519 - INFO - Converted popularity to float64 (with NaN values)
2025-05-07 18:19:08,519 - INFO - Converted runtime to float64 (with NaN values)
2025-05-07 18:19:08,519 - INFO - Converted vote_average to float64 (with NaN values)
2025-05-07 18:19:08,521 - INFO - Converted release_date to datetime
2025-05-07 18:19:08,526 - INFO - Cleaned original_title - filled NaN and stripped whitespace
2025-05-07 18:19:08,531 - INFO - Cleaned title - filled NaN and stripped whitespace
2025-05-07 18:19:08,534 - INFO - Cleaned original_language - filled NaN and stripped whitespace
2025-05-07 18:19:08,536 - INFO - Cleaned status - filled NaN and stripped whitespace
2025-05-07 18:19:08,541 - INFO - Cleaned director - filled NaN and stripped whitespace
2025-05-07 18:19:08,686 - INFO - Performing data quality validation...
2025-05-07 18:19:08,686 - WARNING - Unusually long runtime detected: 338.0 minutes
2025-05-07 18:19:08,686 - INFO - Data validation complete
2025-05-07 18:19:08,721 - INFO - Dash is running on http://127.0.0.1:8050/

2025-05-07 18:19:09,697 - INFO - Converted budget to numeric (with NaN values)
2025-05-07 18:19:09,697 - INFO - Converted revenue to numeric (with NaN values)
2025-05-07 18:19:09,697 - INFO - Converted vote_count to numeric (with NaN values)
2025-05-07 18:19:09,697 - INFO - Converted popularity to float64 (with NaN values)
2025-05-07 18:19:09,698 - INFO - Converted runtime to float64 (with NaN values)
2025-05-07 18:19:09,698 - INFO - Converted vote_average to float64 (with NaN values)
2025-05-07 18:19:09,699 - INFO - Converted release_date to datetime
2025-05-07 18:19:09,705 - INFO - Cleaned original_title - filled NaN and stripped whitespace
2025-05-07 18:19:09,710 - INFO - Cleaned title - filled NaN and stripped whitespace
2025-05-07 18:19:09,713 - INFO - Cleaned original_language - filled NaN and stripped whitespace
2025-05-07 18:19:09,716 - INFO - Cleaned status - filled NaN and stripped whitespace
2025-05-07 18:19:09,719 - INFO - Cleaned director - filled NaN and stripped whitespace
2025-05-07 18:19:09,831 - INFO - Performing data quality validation...
2025-05-07 18:19:09,831 - WARNING - Unusually long runtime detected: 338.0 minutes
2025-05-07 18:19:09,831 - INFO - Data validation complete
2025-05-07 18:19:50,850 - INFO - Converted budget to numeric (with NaN values)
2025-05-07 18:19:50,850 - INFO - Converted revenue to numeric (with NaN values)
2025-05-07 18:19:50,851 - INFO - Converted vote_count to numeric (with NaN values)
2025-05-07 18:19:50,851 - INFO - Converted popularity to float64 (with NaN values)
2025-05-07 18:19:50,851 - INFO - Converted runtime to float64 (with NaN values)
2025-05-07 18:19:50,851 - INFO - Converted vote_average to float64 (with NaN values)
2025-05-07 18:19:50,852 - INFO - Converted release_date to datetime
2025-05-07 18:19:50,856 - INFO - Cleaned original_title - filled NaN and stripped whitespace
2025-05-07 18:19:50,860 - INFO - Cleaned title - filled NaN and stripped whitespace
2025-05-07 18:19:50,862 - INFO - Cleaned original_language - filled NaN and stripped whitespace
2025-05-07 18:19:50,864 - INFO - Cleaned status - filled NaN and stripped whitespace
2025-05-07 18:19:50,867 - INFO - Cleaned director - filled NaN and stripped whitespace
2025-05-07 18:19:50,956 - INFO - Performing data quality validation...
2025-05-07 18:19:50,956 - WARNING - Unusually long runtime detected: 338.0 minutes
2025-05-07 18:19:50,956 - INFO - Data validation complete
2025-05-07 18:21:37,502 - INFO - Converted budget to numeric (with NaN values)
2025-05-07 18:21:37,503 - INFO - Converted revenue to numeric (with NaN values)
2025-05-07 18:21:37,503 - INFO - Converted vote_count to numeric (with NaN values)
2025-05-07 18:21:37,503 - INFO - Converted popularity to float64 (with NaN values)
2025-05-07 18:21:37,503 - INFO - Converted runtime to float64 (with NaN values)
2025-05-07 18:21:37,503 - INFO - Converted vote_average to float64 (with NaN values)
2025-05-07 18:21:37,504 - INFO - Converted release_date to datetime
2025-05-07 18:21:37,508 - INFO - Cleaned original_title - filled NaN and stripped whitespace
2025-05-07 18:21:37,512 - INFO - Cleaned title - filled NaN and stripped whitespace
2025-05-07 18:21:37,514 - INFO - Cleaned original_language - filled NaN and stripped whitespace
2025-05-07 18:21:37,517 - INFO - Cleaned status - filled NaN and stripped whitespace
2025-05-07 18:21:37,520 - INFO - Cleaned director - filled NaN and stripped whitespace
2025-05-07 18:21:37,594 - INFO - Performing data quality validation...
2025-05-07 18:21:37,594 - WARNING - Unusually long runtime detected: 338.0 minutes
2025-05-07 18:21:37,594 - INFO - Data validation complete
2025-05-07 18:56:58,771 - INFO - Dash is running on http://127.0.0.1:8050/

2025-05-07 19:11:50,424 - INFO - Dash is running on http://127.0.0.1:8050/

2025-05-07 19:15:23,405 - INFO - Dash is running on http://127.0.0.1:8050/

2025-05-07 19:15:53,974 - INFO - Dash is running on http://127.0.0.1:8050/

2025-05-07 19:24:35,419 - INFO - Converted budget to numeric (with NaN values)
2025-05-07 19:24:35,420 - INFO - Converted revenue to numeric (with NaN values)
2025-05-07 19:24:35,420 - INFO - Converted vote_count to numeric (with NaN values)
2025-05-07 19:24:35,420 - INFO - Converted popularity to float64 (with NaN values)
2025-05-07 19:24:35,420 - INFO - Converted runtime to float64 (with NaN values)
2025-05-07 19:24:35,420 - INFO - Converted vote_average to float64 (with NaN values)
2025-05-07 19:24:35,431 - INFO - Converted release_date to datetime
2025-05-07 19:24:35,451 - INFO - Cleaned original_title - filled NaN and stripped whitespace
2025-05-07 19:24:35,461 - INFO - Cleaned title - filled NaN and stripped whitespace
2025-05-07 19:24:35,464 - INFO - Cleaned original_language - filled NaN and stripped whitespace
2025-05-07 19:24:35,466 - INFO - Cleaned status - filled NaN and stripped whitespace
2025-05-07 19:24:35,471 - INFO - Cleaned director - filled NaN and stripped whitespace
2025-05-07 19:24:35,560 - INFO - Performing data quality validation...
2025-05-07 19:24:35,561 - WARNING - Unusually long runtime detected: 338.0 minutes
2025-05-07 19:24:35,561 - INFO - Data validation complete
2025-05-07 19:31:52,627 - INFO - Converted budget to numeric (with NaN values)
2025-05-07 19:31:52,627 - INFO - Converted revenue to numeric (with NaN values)
2025-05-07 19:31:52,627 - INFO - Converted vote_count to numeric (with NaN values)
2025-05-07 19:31:52,627 - INFO - Converted popularity to float64 (with NaN values)
2025-05-07 19:31:52,627 - INFO - Converted runtime to float64 (with NaN values)
2025-05-07 19:31:52,627 - INFO - Converted vote_average to float64 (with NaN values)
2025-05-07 19:31:52,630 - INFO - Converted release_date to datetime
2025-05-07 19:31:52,635 - INFO - Cleaned original_title - filled NaN and stripped whitespace
2025-05-07 19:31:52,639 - INFO - Cleaned title - filled NaN and stripped whitespace
2025-05-07 19:31:52,642 - INFO - Cleaned original_language - filled NaN and stripped whitespace
2025-05-07 19:31:52,645 - INFO - Cleaned status - filled NaN and stripped whitespace
2025-05-07 19:31:52,648 - INFO - Cleaned director - filled NaN and stripped whitespace
2025-05-07 19:31:52,714 - INFO - Performing data quality validation...
2025-05-07 19:31:52,714 - WARNING - Unusually long runtime detected: 338.0 minutes
2025-05-07 19:31:52,714 - INFO - Data validation complete
2025-05-07 19:33:46,266 - INFO - Converted budget to numeric (with NaN values)
2025-05-07 19:33:46,266 - INFO - Converted revenue to numeric (with NaN values)
2025-05-07 19:33:46,266 - INFO - Converted vote_count to numeric (with NaN values)
2025-05-07 19:33:46,266 - INFO - Converted popularity to float64 (with NaN values)
2025-05-07 19:33:46,266 - INFO - Converted runtime to float64 (with NaN values)
2025-05-07 19:33:46,267 - INFO - Converted vote_average to float64 (with NaN values)
2025-05-07 19:33:46,270 - INFO - Converted release_date to datetime
2025-05-07 19:33:46,274 - INFO - Cleaned original_title - filled NaN and stripped whitespace
2025-05-07 19:33:46,279 - INFO - Cleaned title - filled NaN and stripped whitespace
2025-05-07 19:33:46,282 - INFO - Cleaned original_language - filled NaN and stripped whitespace
2025-05-07 19:33:46,285 - INFO - Cleaned status - filled NaN and stripped whitespace
2025-05-07 19:33:46,289 - INFO - Cleaned director - filled NaN and stripped whitespace
2025-05-07 19:33:46,413 - INFO - Performing data quality validation...
2025-05-07 19:33:46,413 - WARNING - Unusually long runtime detected: 338.0 minutes
2025-05-07 19:33:46,414 - INFO - Data validation complete
2025-05-07 19:33:47,305 - INFO - Dash is running on http://127.0.0.1:8050/

2025-05-07 19:33:48,610 - INFO - Converted budget to numeric (with NaN values)
2025-05-07 19:33:48,610 - INFO - Converted revenue to numeric (with NaN values)
2025-05-07 19:33:48,610 - INFO - Converted vote_count to numeric (with NaN values)
2025-05-07 19:33:48,610 - INFO - Converted popularity to float64 (with NaN values)
2025-05-07 19:33:48,610 - INFO - Converted runtime to float64 (with NaN values)
2025-05-07 19:33:48,610 - INFO - Converted vote_average to float64 (with NaN values)
2025-05-07 19:33:48,612 - INFO - Converted release_date to datetime
2025-05-07 19:33:48,616 - INFO - Cleaned original_title - filled NaN and stripped whitespace
2025-05-07 19:33:48,621 - INFO - Cleaned title - filled NaN and stripped whitespace
2025-05-07 19:33:48,624 - INFO - Cleaned original_language - filled NaN and stripped whitespace
2025-05-07 19:33:48,627 - INFO - Cleaned status - filled NaN and stripped whitespace
2025-05-07 19:33:48,631 - INFO - Cleaned director - filled NaN and stripped whitespace
2025-05-07 19:33:48,694 - INFO - Performing data quality validation...
2025-05-07 19:33:48,694 - WARNING - Unusually long runtime detected: 338.0 minutes
2025-05-07 19:33:48,694 - INFO - Data validation complete
2025-05-07 19:34:07,362 - INFO - Converted budget to numeric (with NaN values)
2025-05-07 19:34:07,362 - INFO - Converted revenue to numeric (with NaN values)
2025-05-07 19:34:07,363 - INFO - Converted vote_count to numeric (with NaN values)
2025-05-07 19:34:07,363 - INFO - Converted popularity to float64 (with NaN values)
2025-05-07 19:34:07,363 - INFO - Converted runtime to float64 (with NaN values)
2025-05-07 19:34:07,363 - INFO - Converted vote_average to float64 (with NaN values)
2025-05-07 19:34:07,364 - INFO - Converted release_date to datetime
2025-05-07 19:34:07,369 - INFO - Cleaned original_title - filled NaN and stripped whitespace
2025-05-07 19:34:07,373 - INFO - Cleaned title - filled NaN and stripped whitespace
2025-05-07 19:34:07,376 - INFO - Cleaned original_language - filled NaN and stripped whitespace
2025-05-07 19:34:07,378 - INFO - Cleaned status - filled NaN and stripped whitespace
2025-05-07 19:34:07,382 - INFO - Cleaned director - filled NaN and stripped whitespace
2025-05-07 19:34:07,489 - INFO - Performing data quality validation...
2025-05-07 19:34:07,490 - WARNING - Unusually long runtime detected: 338.0 minutes
2025-05-07 19:34:07,490 - INFO - Data validation complete
2025-05-07 19:34:08,718 - INFO - Dash is running on http://127.0.0.1:8050/

2025-05-07 19:34:09,894 - INFO - Converted budget to numeric (with NaN values)
2025-05-07 19:34:09,894 - INFO - Converted revenue to numeric (with NaN values)
2025-05-07 19:34:09,894 - INFO - Converted vote_count to numeric (with NaN values)
2025-05-07 19:34:09,894 - INFO - Converted popularity to float64 (with NaN values)
2025-05-07 19:34:09,894 - INFO - Converted runtime to float64 (with NaN values)
2025-05-07 19:34:09,895 - INFO - Converted vote_average to float64 (with NaN values)
2025-05-07 19:34:09,897 - INFO - Converted release_date to datetime
2025-05-07 19:34:09,903 - INFO - Cleaned original_title - filled NaN and stripped whitespace
2025-05-07 19:34:09,907 - INFO - Cleaned title - filled NaN and stripped whitespace
2025-05-07 19:34:09,910 - INFO - Cleaned original_language - filled NaN and stripped whitespace
2025-05-07 19:34:09,912 - INFO - Cleaned status - filled NaN and stripped whitespace
2025-05-07 19:34:09,916 - INFO - Cleaned director - filled NaN and stripped whitespace
2025-05-07 19:34:09,999 - INFO - Performing data quality validation...
2025-05-07 19:34:10,000 - WARNING - Unusually long runtime detected: 338.0 minutes
2025-05-07 19:34:10,000 - INFO - Data validation complete
2025-05-07 19:35:00,883 - INFO - Dash is running on http://127.0.0.1:8050/

2025-05-07 19:42:04,594 - INFO - Converted budget to numeric (with NaN values)
2025-05-07 19:42:04,596 - INFO - Converted revenue to numeric (with NaN values)
2025-05-07 19:42:04,596 - INFO - Converted vote_count to numeric (with NaN values)
2025-05-07 19:42:04,596 - INFO - Converted popularity to float64 (with NaN values)
2025-05-07 19:42:04,596 - INFO - Converted runtime to float64 (with NaN values)
2025-05-07 19:42:04,596 - INFO - Converted vote_average to float64 (with NaN values)
2025-05-07 19:42:04,597 - INFO - Converted release_date to datetime
2025-05-07 19:42:04,601 - INFO - Cleaned original_title - filled NaN and stripped whitespace
2025-05-07 19:42:04,605 - INFO - Cleaned title - filled NaN and stripped whitespace
2025-05-07 19:42:04,607 - INFO - Cleaned original_language - filled NaN and stripped whitespace
2025-05-07 19:42:04,610 - INFO - Cleaned status - filled NaN and stripped whitespace
2025-05-07 19:42:04,613 - INFO - Cleaned director - filled NaN and stripped whitespace
2025-05-07 19:42:04,668 - INFO - Performing data quality validation...
2025-05-07 19:42:04,669 - WARNING - Unusually long runtime detected: 338.0 minutes
2025-05-07 19:42:04,669 - INFO - Data validation complete
2025-05-07 19:42:57,771 - INFO - Converted budget to numeric (with NaN values)
2025-05-07 19:42:57,771 - INFO - Converted revenue to numeric (with NaN values)
2025-05-07 19:42:57,771 - INFO - Converted vote_count to numeric (with NaN values)
2025-05-07 19:42:57,772 - INFO - Converted popularity to float64 (with NaN values)
2025-05-07 19:42:57,772 - INFO - Converted runtime to float64 (with NaN values)
2025-05-07 19:42:57,772 - INFO - Converted vote_average to float64 (with NaN values)
2025-05-07 19:42:57,773 - INFO - Converted release_date to datetime
2025-05-07 19:42:57,778 - INFO - Cleaned original_title - filled NaN and stripped whitespace
2025-05-07 19:42:57,785 - INFO - Cleaned title - filled NaN and stripped whitespace
2025-05-07 19:42:57,788 - INFO - Cleaned original_language - filled NaN and stripped whitespace
2025-05-07 19:42:57,790 - INFO - Cleaned status - filled NaN and stripped whitespace
2025-05-07 19:42:57,794 - INFO - Cleaned director - filled NaN and stripped whitespace
2025-05-07 19:42:57,885 - INFO - Performing data quality validation...
2025-05-07 19:42:57,886 - WARNING - Unusually long runtime detected: 338.0 minutes
2025-05-07 19:42:57,886 - INFO - Data validation complete
2025-05-07 19:42:57,931 - INFO - Dash is running on http://127.0.0.1:8050/

2025-05-07 19:42:59,043 - INFO - Converted budget to numeric (with NaN values)
2025-05-07 19:42:59,044 - INFO - Converted revenue to numeric (with NaN values)
2025-05-07 19:42:59,044 - INFO - Converted vote_count to numeric (with NaN values)
2025-05-07 19:42:59,044 - INFO - Converted popularity to float64 (with NaN values)
2025-05-07 19:42:59,044 - INFO - Converted runtime to float64 (with NaN values)
2025-05-07 19:42:59,045 - INFO - Converted vote_average to float64 (with NaN values)
2025-05-07 19:42:59,048 - INFO - Converted release_date to datetime
2025-05-07 19:42:59,053 - INFO - Cleaned original_title - filled NaN and stripped whitespace
2025-05-07 19:42:59,058 - INFO - Cleaned title - filled NaN and stripped whitespace
2025-05-07 19:42:59,061 - INFO - Cleaned original_language - filled NaN and stripped whitespace
2025-05-07 19:42:59,063 - INFO - Cleaned status - filled NaN and stripped whitespace
2025-05-07 19:42:59,067 - INFO - Cleaned director - filled NaN and stripped whitespace
2025-05-07 19:42:59,128 - INFO - Performing data quality validation...
2025-05-07 19:42:59,129 - WARNING - Unusually long runtime detected: 338.0 minutes
2025-05-07 19:42:59,129 - INFO - Data validation complete
2025-05-07 19:43:45,202 - INFO - Converted budget to numeric (with NaN values)
2025-05-07 19:43:45,202 - INFO - Converted revenue to numeric (with NaN values)
2025-05-07 19:43:45,202 - INFO - Converted vote_count to numeric (with NaN values)
2025-05-07 19:43:45,202 - INFO - Converted popularity to float64 (with NaN values)
2025-05-07 19:43:45,202 - INFO - Converted runtime to float64 (with NaN values)
2025-05-07 19:43:45,202 - INFO - Converted vote_average to float64 (with NaN values)
2025-05-07 19:43:45,203 - INFO - Converted release_date to datetime
2025-05-07 19:43:45,207 - INFO - Cleaned original_title - filled NaN and stripped whitespace
2025-05-07 19:43:45,211 - INFO - Cleaned title - filled NaN and stripped whitespace
2025-05-07 19:43:45,213 - INFO - Cleaned original_language - filled NaN and stripped whitespace
2025-05-07 19:43:45,215 - INFO - Cleaned status - filled NaN and stripped whitespace
2025-05-07 19:43:45,219 - INFO - Cleaned director - filled NaN and stripped whitespace
2025-05-07 19:43:45,272 - INFO - Performing data quality validation...
2025-05-07 19:43:45,272 - WARNING - Unusually long runtime detected: 338.0 minutes
2025-05-07 19:43:45,272 - INFO - Data validation complete
2025-05-07 19:46:25,635 - INFO - Converted budget to numeric (with NaN values)
2025-05-07 19:46:25,635 - INFO - Converted revenue to numeric (with NaN values)
2025-05-07 19:46:25,635 - INFO - Converted vote_count to numeric (with NaN values)
2025-05-07 19:46:25,635 - INFO - Converted popularity to float64 (with NaN values)
2025-05-07 19:46:25,635 - INFO - Converted runtime to float64 (with NaN values)
2025-05-07 19:46:25,636 - INFO - Converted vote_average to float64 (with NaN values)
2025-05-07 19:46:25,637 - INFO - Converted release_date to datetime
2025-05-07 19:46:25,641 - INFO - Cleaned original_title - filled NaN and stripped whitespace
2025-05-07 19:46:25,645 - INFO - Cleaned title - filled NaN and stripped whitespace
2025-05-07 19:46:25,647 - INFO - Cleaned original_language - filled NaN and stripped whitespace
2025-05-07 19:46:25,650 - INFO - Cleaned status - filled NaN and stripped whitespace
2025-05-07 19:46:25,653 - INFO - Cleaned director - filled NaN and stripped whitespace
2025-05-07 19:46:25,708 - INFO - Performing data quality validation...
2025-05-07 19:46:25,708 - WARNING - Unusually long runtime detected: 338.0 minutes
2025-05-07 19:46:25,708 - INFO - Data validation complete
2025-05-07 19:46:53,519 - INFO - Converted budget to numeric (with NaN values)
2025-05-07 19:46:53,519 - INFO - Converted revenue to numeric (with NaN values)
2025-05-07 19:46:53,519 - INFO - Converted vote_count to numeric (with NaN values)
2025-05-07 19:46:53,519 - INFO - Converted popularity to float64 (with NaN values)
2025-05-07 19:46:53,519 - INFO - Converted runtime to float64 (with NaN values)
2025-05-07 19:46:53,519 - INFO - Converted vote_average to float64 (with NaN values)
2025-05-07 19:46:53,520 - INFO - Converted release_date to datetime
2025-05-07 19:46:53,524 - INFO - Cleaned original_title - filled NaN and stripped whitespace
2025-05-07 19:46:53,528 - INFO - Cleaned title - filled NaN and stripped whitespace
2025-05-07 19:46:53,531 - INFO - Cleaned original_language - filled NaN and stripped whitespace
2025-05-07 19:46:53,533 - INFO - Cleaned status - filled NaN and stripped whitespace
2025-05-07 19:46:53,536 - INFO - Cleaned director - filled NaN and stripped whitespace
2025-05-07 19:46:53,592 - INFO - Performing data quality validation...
2025-05-07 19:46:53,592 - WARNING - Unusually long runtime detected: 338.0 minutes
2025-05-07 19:46:53,592 - INFO - Data validation complete
2025-05-07 19:48:44,372 - INFO - Converted budget to numeric (with NaN values)
2025-05-07 19:48:44,372 - INFO - Converted revenue to numeric (with NaN values)
2025-05-07 19:48:44,372 - INFO - Converted vote_count to numeric (with NaN values)
2025-05-07 19:48:44,372 - INFO - Converted popularity to float64 (with NaN values)
2025-05-07 19:48:44,373 - INFO - Converted runtime to float64 (with NaN values)
2025-05-07 19:48:44,373 - INFO - Converted vote_average to float64 (with NaN values)
2025-05-07 19:48:44,374 - INFO - Converted release_date to datetime
2025-05-07 19:48:44,378 - INFO - Cleaned original_title - filled NaN and stripped whitespace
2025-05-07 19:48:44,382 - INFO - Cleaned title - filled NaN and stripped whitespace
2025-05-07 19:48:44,384 - INFO - Cleaned original_language - filled NaN and stripped whitespace
2025-05-07 19:48:44,387 - INFO - Cleaned status - filled NaN and stripped whitespace
2025-05-07 19:48:44,391 - INFO - Cleaned director - filled NaN and stripped whitespace
2025-05-07 19:48:44,449 - INFO - Performing data quality validation...
2025-05-07 19:48:44,449 - WARNING - Unusually long runtime detected: 338.0 minutes
2025-05-07 19:48:44,449 - INFO - Data validation complete
2025-05-07 19:49:18,049 - INFO - Converted budget to numeric (with NaN values)
2025-05-07 19:49:18,049 - INFO - Converted revenue to numeric (with NaN values)
2025-05-07 19:49:18,049 - INFO - Converted vote_count to numeric (with NaN values)
2025-05-07 19:49:18,049 - INFO - Converted popularity to float64 (with NaN values)
2025-05-07 19:49:18,049 - INFO - Converted runtime to float64 (with NaN values)
2025-05-07 19:49:18,049 - INFO - Converted vote_average to float64 (with NaN values)
2025-05-07 19:49:18,050 - INFO - Converted release_date to datetime
2025-05-07 19:49:18,054 - INFO - Cleaned original_title - filled NaN and stripped whitespace
2025-05-07 19:49:18,058 - INFO - Cleaned title - filled NaN and stripped whitespace
2025-05-07 19:49:18,060 - INFO - Cleaned original_language - filled NaN and stripped whitespace
2025-05-07 19:49:18,063 - INFO - Cleaned status - filled NaN and stripped whitespace
2025-05-07 19:49:18,066 - INFO - Cleaned director - filled NaN and stripped whitespace
2025-05-07 19:49:18,121 - INFO - Performing data quality validation...
2025-05-07 19:49:18,121 - WARNING - Unusually long runtime detected: 338.0 minutes
2025-05-07 19:49:18,121 - INFO - Data validation complete
2025-05-07 19:50:14,897 - INFO - Converted budget to numeric (with NaN values)
2025-05-07 19:50:14,897 - INFO - Converted revenue to numeric (with NaN values)
2025-05-07 19:50:14,897 - INFO - Converted vote_count to numeric (with NaN values)
2025-05-07 19:50:14,897 - INFO - Converted popularity to float64 (with NaN values)
2025-05-07 19:50:14,897 - INFO - Converted runtime to float64 (with NaN values)
2025-05-07 19:50:14,897 - INFO - Converted vote_average to float64 (with NaN values)
2025-05-07 19:50:14,898 - INFO - Converted release_date to datetime
2025-05-07 19:50:14,902 - INFO - Cleaned original_title - filled NaN and stripped whitespace
2025-05-07 19:50:14,906 - INFO - Cleaned title - filled NaN and stripped whitespace
2025-05-07 19:50:14,908 - INFO - Cleaned original_language - filled NaN and stripped whitespace
2025-05-07 19:50:14,911 - INFO - Cleaned status - filled NaN and stripped whitespace
2025-05-07 19:50:14,914 - INFO - Cleaned director - filled NaN and stripped whitespace
2025-05-07 19:50:14,968 - INFO - Performing data quality validation...
2025-05-07 19:50:14,968 - WARNING - Unusually long runtime detected: 338.0 minutes
2025-05-07 19:50:14,968 - INFO - Data validation complete
2025-05-07 19:51:07,048 - INFO - Converted budget to numeric (with NaN values)
2025-05-07 19:51:07,049 - INFO - Converted revenue to numeric (with NaN values)
2025-05-07 19:51:07,049 - INFO - Converted vote_count to numeric (with NaN values)
2025-05-07 19:51:07,049 - INFO - Converted popularity to float64 (with NaN values)
2025-05-07 19:51:07,049 - INFO - Converted runtime to float64 (with NaN values)
2025-05-07 19:51:07,049 - INFO - Converted vote_average to float64 (with NaN values)
2025-05-07 19:51:07,051 - INFO - Converted release_date to datetime
2025-05-07 19:51:07,055 - INFO - Cleaned original_title - filled NaN and stripped whitespace
2025-05-07 19:51:07,060 - INFO - Cleaned title - filled NaN and stripped whitespace
2025-05-07 19:51:07,062 - INFO - Cleaned original_language - filled NaN and stripped whitespace
2025-05-07 19:51:07,065 - INFO - Cleaned status - filled NaN and stripped whitespace
2025-05-07 19:51:07,068 - INFO - Cleaned director - filled NaN and stripped whitespace
2025-05-07 19:51:07,156 - INFO - Performing data quality validation...
2025-05-07 19:51:07,157 - WARNING - Unusually long runtime detected: 338.0 minutes
2025-05-07 19:51:07,157 - INFO - Data validation complete
2025-05-07 19:51:07,179 - INFO - Dash is running on http://127.0.0.1:8050/

2025-05-07 19:51:08,370 - INFO - Converted budget to numeric (with NaN values)
2025-05-07 19:51:08,370 - INFO - Converted revenue to numeric (with NaN values)
2025-05-07 19:51:08,370 - INFO - Converted vote_count to numeric (with NaN values)
2025-05-07 19:51:08,370 - INFO - Converted popularity to float64 (with NaN values)
2025-05-07 19:51:08,370 - INFO - Converted runtime to float64 (with NaN values)
2025-05-07 19:51:08,371 - INFO - Converted vote_average to float64 (with NaN values)
2025-05-07 19:51:08,372 - INFO - Converted release_date to datetime
2025-05-07 19:51:08,377 - INFO - Cleaned original_title - filled NaN and stripped whitespace
2025-05-07 19:51:08,382 - INFO - Cleaned title - filled NaN and stripped whitespace
2025-05-07 19:51:08,384 - INFO - Cleaned original_language - filled NaN and stripped whitespace
2025-05-07 19:51:08,387 - INFO - Cleaned status - filled NaN and stripped whitespace
2025-05-07 19:51:08,391 - INFO - Cleaned director - filled NaN and stripped whitespace
2025-05-07 19:51:08,481 - INFO - Performing data quality validation...
2025-05-07 19:51:08,482 - WARNING - Unusually long runtime detected: 338.0 minutes
2025-05-07 19:51:08,482 - INFO - Data validation complete
2025-05-07 19:52:54,880 - INFO - Converted budget to numeric (with NaN values)
2025-05-07 19:52:54,880 - INFO - Converted revenue to numeric (with NaN values)
2025-05-07 19:52:54,881 - INFO - Converted vote_count to numeric (with NaN values)
2025-05-07 19:52:54,881 - INFO - Converted popularity to float64 (with NaN values)
2025-05-07 19:52:54,881 - INFO - Converted runtime to float64 (with NaN values)
2025-05-07 19:52:54,881 - INFO - Converted vote_average to float64 (with NaN values)
2025-05-07 19:52:54,882 - INFO - Converted release_date to datetime
2025-05-07 19:52:54,887 - INFO - Cleaned original_title - filled NaN and stripped whitespace
2025-05-07 19:52:54,894 - INFO - Cleaned title - filled NaN and stripped whitespace
2025-05-07 19:52:54,896 - INFO - Cleaned original_language - filled NaN and stripped whitespace
2025-05-07 19:52:54,899 - INFO - Cleaned status - filled NaN and stripped whitespace
2025-05-07 19:52:54,903 - INFO - Cleaned director - filled NaN and stripped whitespace
2025-05-07 19:52:54,968 - INFO - Performing data quality validation...
2025-05-07 19:52:54,968 - WARNING - Unusually long runtime detected: 338.0 minutes
2025-05-07 19:52:54,968 - INFO - Data validation complete
2025-05-07 19:52:54,992 - INFO - Dash is running on http://127.0.0.1:8050/

2025-05-07 19:52:56,115 - INFO - Converted budget to numeric (with NaN values)
2025-05-07 19:52:56,115 - INFO - Converted revenue to numeric (with NaN values)
2025-05-07 19:52:56,116 - INFO - Converted vote_count to numeric (with NaN values)
2025-05-07 19:52:56,116 - INFO - Converted popularity to float64 (with NaN values)
2025-05-07 19:52:56,116 - INFO - Converted runtime to float64 (with NaN values)
2025-05-07 19:52:56,116 - INFO - Converted vote_average to float64 (with NaN values)
2025-05-07 19:52:56,117 - INFO - Converted release_date to datetime
2025-05-07 19:52:56,122 - INFO - Cleaned original_title - filled NaN and stripped whitespace
2025-05-07 19:52:56,128 - INFO - Cleaned title - filled NaN and stripped whitespace
2025-05-07 19:52:56,130 - INFO - Cleaned original_language - filled NaN and stripped whitespace
2025-05-07 19:52:56,133 - INFO - Cleaned status - filled NaN and stripped whitespace
2025-05-07 19:52:56,137 - INFO - Cleaned director - filled NaN and stripped whitespace
2025-05-07 19:52:56,198 - INFO - Performing data quality validation...
2025-05-07 19:52:56,198 - WARNING - Unusually long runtime detected: 338.0 minutes
2025-05-07 19:52:56,199 - INFO - Data validation complete
2025-05-07 20:25:55,930 - INFO - Converted budget to numeric (with NaN values)
2025-05-07 20:25:55,930 - INFO - Converted revenue to numeric (with NaN values)
2025-05-07 20:25:55,930 - INFO - Converted vote_count to numeric (with NaN values)
2025-05-07 20:25:55,930 - INFO - Converted popularity to float64 (with NaN values)
2025-05-07 20:25:55,930 - INFO - Converted runtime to float64 (with NaN values)
2025-05-07 20:25:55,930 - INFO - Converted vote_average to float64 (with NaN values)
2025-05-07 20:25:55,932 - INFO - Converted release_date to datetime
2025-05-07 20:25:55,936 - INFO - Cleaned original_title - filled NaN and stripped whitespace
2025-05-07 20:25:55,951 - INFO - Cleaned title - filled NaN and stripped whitespace
2025-05-07 20:25:55,966 - INFO - Cleaned original_language - filled NaN and stripped whitespace
2025-05-07 20:25:55,975 - INFO - Cleaned status - filled NaN and stripped whitespace
2025-05-07 20:25:55,980 - INFO - Cleaned director - filled NaN and stripped whitespace
2025-05-07 20:25:56,072 - INFO - Performing data quality validation...
2025-05-07 20:25:56,072 - WARNING - Unusually long runtime detected: 338.0 minutes
2025-05-07 20:25:56,072 - INFO - Data validation complete
2025-05-07 20:25:56,104 - INFO - Dash is running on http://127.0.0.1:8050/

2025-05-07 20:25:57,231 - INFO - Converted budget to numeric (with NaN values)
2025-05-07 20:25:57,231 - INFO - Converted revenue to numeric (with NaN values)
2025-05-07 20:25:57,231 - INFO - Converted vote_count to numeric (with NaN values)
2025-05-07 20:25:57,231 - INFO - Converted popularity to float64 (with NaN values)
2025-05-07 20:25:57,231 - INFO - Converted runtime to float64 (with NaN values)
2025-05-07 20:25:57,231 - INFO - Converted vote_average to float64 (with NaN values)
2025-05-07 20:25:57,233 - INFO - Converted release_date to datetime
2025-05-07 20:25:57,238 - INFO - Cleaned original_title - filled NaN and stripped whitespace
2025-05-07 20:25:57,242 - INFO - Cleaned title - filled NaN and stripped whitespace
2025-05-07 20:25:57,245 - INFO - Cleaned original_language - filled NaN and stripped whitespace
2025-05-07 20:25:57,248 - INFO - Cleaned status - filled NaN and stripped whitespace
2025-05-07 20:25:57,253 - INFO - Cleaned director - filled NaN and stripped whitespace
2025-05-07 20:25:57,313 - INFO - Performing data quality validation...
2025-05-07 20:25:57,314 - WARNING - Unusually long runtime detected: 338.0 minutes
2025-05-07 20:25:57,314 - INFO - Data validation complete
2025-05-07 20:30:09,082 - INFO - Converted budget to numeric (with NaN values)
2025-05-07 20:30:09,083 - INFO - Converted revenue to numeric (with NaN values)
2025-05-07 20:30:09,083 - INFO - Converted vote_count to numeric (with NaN values)
2025-05-07 20:30:09,083 - INFO - Converted popularity to float64 (with NaN values)
2025-05-07 20:30:09,083 - INFO - Converted runtime to float64 (with NaN values)
2025-05-07 20:30:09,083 - INFO - Converted vote_average to float64 (with NaN values)
2025-05-07 20:30:09,084 - INFO - Converted release_date to datetime
2025-05-07 20:30:09,088 - INFO - Cleaned original_title - filled NaN and stripped whitespace
2025-05-07 20:30:09,092 - INFO - Cleaned title - filled NaN and stripped whitespace
2025-05-07 20:30:09,094 - INFO - Cleaned original_language - filled NaN and stripped whitespace
2025-05-07 20:30:09,096 - INFO - Cleaned status - filled NaN and stripped whitespace
2025-05-07 20:30:09,100 - INFO - Cleaned director - filled NaN and stripped whitespace
2025-05-07 20:30:09,152 - INFO - Performing data quality validation...
2025-05-07 20:30:09,152 - WARNING - Unusually long runtime detected: 338.0 minutes
2025-05-07 20:30:09,152 - INFO - Data validation complete
2025-05-07 20:30:25,658 - INFO - Converted budget to numeric (with NaN values)
2025-05-07 20:30:25,658 - INFO - Converted revenue to numeric (with NaN values)
2025-05-07 20:30:25,658 - INFO - Converted vote_count to numeric (with NaN values)
2025-05-07 20:30:25,658 - INFO - Converted popularity to float64 (with NaN values)
2025-05-07 20:30:25,658 - INFO - Converted runtime to float64 (with NaN values)
2025-05-07 20:30:25,658 - INFO - Converted vote_average to float64 (with NaN values)
2025-05-07 20:30:25,660 - INFO - Converted release_date to datetime
2025-05-07 20:30:25,664 - INFO - Cleaned original_title - filled NaN and stripped whitespace
2025-05-07 20:30:25,668 - INFO - Cleaned title - filled NaN and stripped whitespace
2025-05-07 20:30:25,670 - INFO - Cleaned original_language - filled NaN and stripped whitespace
2025-05-07 20:30:25,672 - INFO - Cleaned status - filled NaN and stripped whitespace
2025-05-07 20:30:25,676 - INFO - Cleaned director - filled NaN and stripped whitespace
2025-05-07 20:30:25,729 - INFO - Performing data quality validation...
2025-05-07 20:30:25,729 - WARNING - Unusually long runtime detected: 338.0 minutes
2025-05-07 20:30:25,729 - INFO - Data validation complete
2025-05-07 20:30:50,190 - INFO - Converted budget to numeric (with NaN values)
2025-05-07 20:30:50,190 - INFO - Converted revenue to numeric (with NaN values)
2025-05-07 20:30:50,190 - INFO - Converted vote_count to numeric (with NaN values)
2025-05-07 20:30:50,190 - INFO - Converted popularity to float64 (with NaN values)
2025-05-07 20:30:50,190 - INFO - Converted runtime to float64 (with NaN values)
2025-05-07 20:30:50,190 - INFO - Converted vote_average to float64 (with NaN values)
2025-05-07 20:30:50,192 - INFO - Converted release_date to datetime
2025-05-07 20:30:50,196 - INFO - Cleaned original_title - filled NaN and stripped whitespace
2025-05-07 20:30:50,200 - INFO - Cleaned title - filled NaN and stripped whitespace
2025-05-07 20:30:50,202 - INFO - Cleaned original_language - filled NaN and stripped whitespace
2025-05-07 20:30:50,204 - INFO - Cleaned status - filled NaN and stripped whitespace
2025-05-07 20:30:50,208 - INFO - Cleaned director - filled NaN and stripped whitespace
2025-05-07 20:30:50,261 - INFO - Performing data quality validation...
2025-05-07 20:30:50,261 - WARNING - Unusually long runtime detected: 338.0 minutes
2025-05-07 20:30:50,261 - INFO - Data validation complete
2025-05-07 20:30:55,674 - INFO - Converted budget to numeric (with NaN values)
2025-05-07 20:30:55,675 - INFO - Converted revenue to numeric (with NaN values)
2025-05-07 20:30:55,675 - INFO - Converted vote_count to numeric (with NaN values)
2025-05-07 20:30:55,675 - INFO - Converted popularity to float64 (with NaN values)
2025-05-07 20:30:55,675 - INFO - Converted runtime to float64 (with NaN values)
2025-05-07 20:30:55,675 - INFO - Converted vote_average to float64 (with NaN values)
2025-05-07 20:30:55,676 - INFO - Converted release_date to datetime
2025-05-07 20:30:55,680 - INFO - Cleaned original_title - filled NaN and stripped whitespace
2025-05-07 20:30:55,684 - INFO - Cleaned title - filled NaN and stripped whitespace
2025-05-07 20:30:55,686 - INFO - Cleaned original_language - filled NaN and stripped whitespace
2025-05-07 20:30:55,689 - INFO - Cleaned status - filled NaN and stripped whitespace
2025-05-07 20:30:55,692 - INFO - Cleaned director - filled NaN and stripped whitespace
2025-05-07 20:30:55,747 - INFO - Performing data quality validation...
2025-05-07 20:30:55,747 - WARNING - Unusually long runtime detected: 338.0 minutes
2025-05-07 20:30:55,747 - INFO - Data validation complete
2025-05-07 20:31:14,211 - INFO - Converted budget to numeric (with NaN values)
2025-05-07 20:31:14,212 - INFO - Converted revenue to numeric (with NaN values)
2025-05-07 20:31:14,212 - INFO - Converted vote_count to numeric (with NaN values)
2025-05-07 20:31:14,212 - INFO - Converted popularity to float64 (with NaN values)
2025-05-07 20:31:14,212 - INFO - Converted runtime to float64 (with NaN values)
2025-05-07 20:31:14,212 - INFO - Converted vote_average to float64 (with NaN values)
2025-05-07 20:31:14,213 - INFO - Converted release_date to datetime
2025-05-07 20:31:14,217 - INFO - Cleaned original_title - filled NaN and stripped whitespace
2025-05-07 20:31:14,221 - INFO - Cleaned title - filled NaN and stripped whitespace
2025-05-07 20:31:14,223 - INFO - Cleaned original_language - filled NaN and stripped whitespace
2025-05-07 20:31:14,225 - INFO - Cleaned status - filled NaN and stripped whitespace
2025-05-07 20:31:14,229 - INFO - Cleaned director - filled NaN and stripped whitespace
2025-05-07 20:31:14,281 - INFO - Performing data quality validation...
2025-05-07 20:31:14,282 - WARNING - Unusually long runtime detected: 338.0 minutes
2025-05-07 20:31:14,282 - INFO - Data validation complete
2025-05-07 20:31:29,789 - INFO - Converted budget to numeric (with NaN values)
2025-05-07 20:31:29,789 - INFO - Converted revenue to numeric (with NaN values)
2025-05-07 20:31:29,789 - INFO - Converted vote_count to numeric (with NaN values)
2025-05-07 20:31:29,789 - INFO - Converted popularity to float64 (with NaN values)
2025-05-07 20:31:29,790 - INFO - Converted runtime to float64 (with NaN values)
2025-05-07 20:31:29,790 - INFO - Converted vote_average to float64 (with NaN values)
2025-05-07 20:31:29,791 - INFO - Converted release_date to datetime
2025-05-07 20:31:29,795 - INFO - Cleaned original_title - filled NaN and stripped whitespace
2025-05-07 20:31:29,800 - INFO - Cleaned title - filled NaN and stripped whitespace
2025-05-07 20:31:29,802 - INFO - Cleaned original_language - filled NaN and stripped whitespace
2025-05-07 20:31:29,805 - INFO - Cleaned status - filled NaN and stripped whitespace
2025-05-07 20:31:29,808 - INFO - Cleaned director - filled NaN and stripped whitespace
2025-05-07 20:31:29,879 - INFO - Performing data quality validation...
2025-05-07 20:31:29,879 - WARNING - Unusually long runtime detected: 338.0 minutes
2025-05-07 20:31:29,879 - INFO - Data validation complete
2025-05-07 20:31:33,585 - INFO - Converted budget to numeric (with NaN values)
2025-05-07 20:31:33,585 - INFO - Converted revenue to numeric (with NaN values)
2025-05-07 20:31:33,585 - INFO - Converted vote_count to numeric (with NaN values)
2025-05-07 20:31:33,585 - INFO - Converted popularity to float64 (with NaN values)
2025-05-07 20:31:33,586 - INFO - Converted runtime to float64 (with NaN values)
2025-05-07 20:31:33,586 - INFO - Converted vote_average to float64 (with NaN values)
2025-05-07 20:31:33,588 - INFO - Converted release_date to datetime
2025-05-07 20:31:33,594 - INFO - Cleaned original_title - filled NaN and stripped whitespace
2025-05-07 20:31:33,598 - INFO - Cleaned title - filled NaN and stripped whitespace
2025-05-07 20:31:33,601 - INFO - Cleaned original_language - filled NaN and stripped whitespace
2025-05-07 20:31:33,603 - INFO - Cleaned status - filled NaN and stripped whitespace
2025-05-07 20:31:33,607 - INFO - Cleaned director - filled NaN and stripped whitespace
2025-05-07 20:31:33,670 - INFO - Performing data quality validation...
2025-05-07 20:31:33,670 - WARNING - Unusually long runtime detected: 338.0 minutes
2025-05-07 20:31:33,670 - INFO - Data validation complete
2025-05-07 20:31:33,689 - INFO - Dash is running on http://127.0.0.1:8050/

2025-05-07 20:31:34,915 - INFO - Converted budget to numeric (with NaN values)
2025-05-07 20:31:34,915 - INFO - Converted revenue to numeric (with NaN values)
2025-05-07 20:31:34,916 - INFO - Converted vote_count to numeric (with NaN values)
2025-05-07 20:31:34,916 - INFO - Converted popularity to float64 (with NaN values)
2025-05-07 20:31:34,916 - INFO - Converted runtime to float64 (with NaN values)
2025-05-07 20:31:34,916 - INFO - Converted vote_average to float64 (with NaN values)
2025-05-07 20:31:34,917 - INFO - Converted release_date to datetime
2025-05-07 20:31:34,922 - INFO - Cleaned original_title - filled NaN and stripped whitespace
2025-05-07 20:31:34,928 - INFO - Cleaned title - filled NaN and stripped whitespace
2025-05-07 20:31:34,931 - INFO - Cleaned original_language - filled NaN and stripped whitespace
2025-05-07 20:31:34,934 - INFO - Cleaned status - filled NaN and stripped whitespace
2025-05-07 20:31:34,938 - INFO - Cleaned director - filled NaN and stripped whitespace
2025-05-07 20:31:34,999 - INFO - Performing data quality validation...
2025-05-07 20:31:34,999 - WARNING - Unusually long runtime detected: 338.0 minutes
2025-05-07 20:31:34,999 - INFO - Data validation complete
2025-05-07 20:32:14,223 - INFO - Converted budget to numeric (with NaN values)
2025-05-07 20:32:14,223 - INFO - Converted revenue to numeric (with NaN values)
2025-05-07 20:32:14,223 - INFO - Converted vote_count to numeric (with NaN values)
2025-05-07 20:32:14,223 - INFO - Converted popularity to float64 (with NaN values)
2025-05-07 20:32:14,223 - INFO - Converted runtime to float64 (with NaN values)
2025-05-07 20:32:14,223 - INFO - Converted vote_average to float64 (with NaN values)
2025-05-07 20:32:14,224 - INFO - Converted release_date to datetime
2025-05-07 20:32:14,228 - INFO - Cleaned original_title - filled NaN and stripped whitespace
2025-05-07 20:32:14,232 - INFO - Cleaned title - filled NaN and stripped whitespace
2025-05-07 20:32:14,234 - INFO - Cleaned original_language - filled NaN and stripped whitespace
2025-05-07 20:32:14,236 - INFO - Cleaned status - filled NaN and stripped whitespace
2025-05-07 20:32:14,240 - INFO - Cleaned director - filled NaN and stripped whitespace
2025-05-07 20:32:14,293 - INFO - Performing data quality validation...
2025-05-07 20:32:14,293 - WARNING - Unusually long runtime detected: 338.0 minutes
2025-05-07 20:32:14,293 - INFO - Data validation complete
2025-05-07 20:32:39,091 - INFO - Converted budget to numeric (with NaN values)
2025-05-07 20:32:39,091 - INFO - Converted revenue to numeric (with NaN values)
2025-05-07 20:32:39,091 - INFO - Converted vote_count to numeric (with NaN values)
2025-05-07 20:32:39,091 - INFO - Converted popularity to float64 (with NaN values)
2025-05-07 20:32:39,091 - INFO - Converted runtime to float64 (with NaN values)
2025-05-07 20:32:39,091 - INFO - Converted vote_average to float64 (with NaN values)
2025-05-07 20:32:39,093 - INFO - Converted release_date to datetime
2025-05-07 20:32:39,096 - INFO - Cleaned original_title - filled NaN and stripped whitespace
2025-05-07 20:32:39,100 - INFO - Cleaned title - filled NaN and stripped whitespace
2025-05-07 20:32:39,103 - INFO - Cleaned original_language - filled NaN and stripped whitespace
2025-05-07 20:32:39,105 - INFO - Cleaned status - filled NaN and stripped whitespace
2025-05-07 20:32:39,110 - INFO - Cleaned director - filled NaN and stripped whitespace
2025-05-07 20:32:39,168 - INFO - Performing data quality validation...
2025-05-07 20:32:39,168 - WARNING - Unusually long runtime detected: 338.0 minutes
2025-05-07 20:32:39,168 - INFO - Data validation complete
2025-05-07 20:35:18,517 - INFO - Converted budget to numeric (with NaN values)
2025-05-07 20:35:18,517 - INFO - Converted revenue to numeric (with NaN values)
2025-05-07 20:35:18,517 - INFO - Converted vote_count to numeric (with NaN values)
2025-05-07 20:35:18,518 - INFO - Converted popularity to float64 (with NaN values)
2025-05-07 20:35:18,518 - INFO - Converted runtime to float64 (with NaN values)
2025-05-07 20:35:18,518 - INFO - Converted vote_average to float64 (with NaN values)
2025-05-07 20:35:18,519 - INFO - Converted release_date to datetime
2025-05-07 20:35:18,523 - INFO - Cleaned original_title - filled NaN and stripped whitespace
2025-05-07 20:35:18,527 - INFO - Cleaned title - filled NaN and stripped whitespace
2025-05-07 20:35:18,529 - INFO - Cleaned original_language - filled NaN and stripped whitespace
2025-05-07 20:35:18,531 - INFO - Cleaned status - filled NaN and stripped whitespace
2025-05-07 20:35:18,535 - INFO - Cleaned director - filled NaN and stripped whitespace
2025-05-07 20:35:18,588 - INFO - Performing data quality validation...
2025-05-07 20:35:18,588 - WARNING - Unusually long runtime detected: 338.0 minutes
2025-05-07 20:35:18,588 - INFO - Data validation complete
2025-05-07 20:38:26,003 - INFO - Converted budget to numeric (with NaN values)
2025-05-07 20:38:26,003 - INFO - Converted revenue to numeric (with NaN values)
2025-05-07 20:38:26,003 - INFO - Converted vote_count to numeric (with NaN values)
2025-05-07 20:38:26,003 - INFO - Converted popularity to float64 (with NaN values)
2025-05-07 20:38:26,004 - INFO - Converted runtime to float64 (with NaN values)
2025-05-07 20:38:26,004 - INFO - Converted vote_average to float64 (with NaN values)
2025-05-07 20:38:26,005 - INFO - Converted release_date to datetime
2025-05-07 20:38:26,009 - INFO - Cleaned original_title - filled NaN and stripped whitespace
2025-05-07 20:38:26,013 - INFO - Cleaned title - filled NaN and stripped whitespace
2025-05-07 20:38:26,015 - INFO - Cleaned original_language - filled NaN and stripped whitespace
2025-05-07 20:38:26,017 - INFO - Cleaned status - filled NaN and stripped whitespace
2025-05-07 20:38:26,020 - INFO - Cleaned director - filled NaN and stripped whitespace
2025-05-07 20:38:26,073 - INFO - Performing data quality validation...
2025-05-07 20:38:26,073 - WARNING - Unusually long runtime detected: 338.0 minutes
2025-05-07 20:38:26,073 - INFO - Data validation complete
2025-05-07 20:38:42,716 - INFO - Converted budget to numeric (with NaN values)
2025-05-07 20:38:42,717 - INFO - Converted revenue to numeric (with NaN values)
2025-05-07 20:38:42,717 - INFO - Converted vote_count to numeric (with NaN values)
2025-05-07 20:38:42,717 - INFO - Converted popularity to float64 (with NaN values)
2025-05-07 20:38:42,717 - INFO - Converted runtime to float64 (with NaN values)
2025-05-07 20:38:42,717 - INFO - Converted vote_average to float64 (with NaN values)
2025-05-07 20:38:42,718 - INFO - Converted release_date to datetime
2025-05-07 20:38:42,722 - INFO - Cleaned original_title - filled NaN and stripped whitespace
2025-05-07 20:38:42,726 - INFO - Cleaned title - filled NaN and stripped whitespace
2025-05-07 20:38:42,728 - INFO - Cleaned original_language - filled NaN and stripped whitespace
2025-05-07 20:38:42,731 - INFO - Cleaned status - filled NaN and stripped whitespace
2025-05-07 20:38:42,734 - INFO - Cleaned director - filled NaN and stripped whitespace
2025-05-07 20:38:42,787 - INFO - Performing data quality validation...
2025-05-07 20:38:42,787 - WARNING - Unusually long runtime detected: 338.0 minutes
2025-05-07 20:38:42,787 - INFO - Data validation complete
2025-05-07 20:40:27,488 - INFO - Converted budget to numeric (with NaN values)
2025-05-07 20:40:27,488 - INFO - Converted revenue to numeric (with NaN values)
2025-05-07 20:40:27,488 - INFO - Converted vote_count to numeric (with NaN values)
2025-05-07 20:40:27,488 - INFO - Converted popularity to float64 (with NaN values)
2025-05-07 20:40:27,488 - INFO - Converted runtime to float64 (with NaN values)
2025-05-07 20:40:27,488 - INFO - Converted vote_average to float64 (with NaN values)
2025-05-07 20:40:27,489 - INFO - Converted release_date to datetime
2025-05-07 20:40:27,493 - INFO - Cleaned original_title - filled NaN and stripped whitespace
2025-05-07 20:40:27,497 - INFO - Cleaned title - filled NaN and stripped whitespace
2025-05-07 20:40:27,499 - INFO - Cleaned original_language - filled NaN and stripped whitespace
2025-05-07 20:40:27,502 - INFO - Cleaned status - filled NaN and stripped whitespace
2025-05-07 20:40:27,505 - INFO - Cleaned director - filled NaN and stripped whitespace
2025-05-07 20:40:27,558 - INFO - Performing data quality validation...
2025-05-07 20:40:27,558 - WARNING - Unusually long runtime detected: 338.0 minutes
2025-05-07 20:40:27,558 - INFO - Data validation complete
2025-05-07 20:42:03,326 - INFO - Converted budget to numeric (with NaN values)
2025-05-07 20:42:03,326 - INFO - Converted revenue to numeric (with NaN values)
2025-05-07 20:42:03,327 - INFO - Converted vote_count to numeric (with NaN values)
2025-05-07 20:42:03,327 - INFO - Converted popularity to float64 (with NaN values)
2025-05-07 20:42:03,327 - INFO - Converted runtime to float64 (with NaN values)
2025-05-07 20:42:03,327 - INFO - Converted vote_average to float64 (with NaN values)
2025-05-07 20:42:03,328 - INFO - Converted release_date to datetime
2025-05-07 20:42:03,332 - INFO - Cleaned original_title - filled NaN and stripped whitespace
2025-05-07 20:42:03,336 - INFO - Cleaned title - filled NaN and stripped whitespace
2025-05-07 20:42:03,338 - INFO - Cleaned original_language - filled NaN and stripped whitespace
2025-05-07 20:42:03,340 - INFO - Cleaned status - filled NaN and stripped whitespace
2025-05-07 20:42:03,344 - INFO - Cleaned director - filled NaN and stripped whitespace
2025-05-07 20:42:03,397 - INFO - Performing data quality validation...
2025-05-07 20:42:03,397 - WARNING - Unusually long runtime detected: 338.0 minutes
2025-05-07 20:42:03,397 - INFO - Data validation complete
2025-05-07 20:42:28,917 - INFO - Converted budget to numeric (with NaN values)
2025-05-07 20:42:28,917 - INFO - Converted revenue to numeric (with NaN values)
2025-05-07 20:42:28,917 - INFO - Converted vote_count to numeric (with NaN values)
2025-05-07 20:42:28,917 - INFO - Converted popularity to float64 (with NaN values)
2025-05-07 20:42:28,917 - INFO - Converted runtime to float64 (with NaN values)
2025-05-07 20:42:28,917 - INFO - Converted vote_average to float64 (with NaN values)
2025-05-07 20:42:28,918 - INFO - Converted release_date to datetime
2025-05-07 20:42:28,922 - INFO - Cleaned original_title - filled NaN and stripped whitespace
2025-05-07 20:42:28,926 - INFO - Cleaned title - filled NaN and stripped whitespace
2025-05-07 20:42:28,928 - INFO - Cleaned original_language - filled NaN and stripped whitespace
2025-05-07 20:42:28,931 - INFO - Cleaned status - filled NaN and stripped whitespace
2025-05-07 20:42:28,934 - INFO - Cleaned director - filled NaN and stripped whitespace
2025-05-07 20:42:28,987 - INFO - Performing data quality validation...
2025-05-07 20:42:28,987 - WARNING - Unusually long runtime detected: 338.0 minutes
2025-05-07 20:42:28,987 - INFO - Data validation complete
2025-05-07 20:43:03,561 - INFO - Converted budget to numeric (with NaN values)
2025-05-07 20:43:03,562 - INFO - Converted revenue to numeric (with NaN values)
2025-05-07 20:43:03,562 - INFO - Converted vote_count to numeric (with NaN values)
2025-05-07 20:43:03,562 - INFO - Converted popularity to float64 (with NaN values)
2025-05-07 20:43:03,562 - INFO - Converted runtime to float64 (with NaN values)
2025-05-07 20:43:03,562 - INFO - Converted vote_average to float64 (with NaN values)
2025-05-07 20:43:03,563 - INFO - Converted release_date to datetime
2025-05-07 20:43:03,567 - INFO - Cleaned original_title - filled NaN and stripped whitespace
2025-05-07 20:43:03,571 - INFO - Cleaned title - filled NaN and stripped whitespace
2025-05-07 20:43:03,573 - INFO - Cleaned original_language - filled NaN and stripped whitespace
2025-05-07 20:43:03,575 - INFO - Cleaned status - filled NaN and stripped whitespace
2025-05-07 20:43:03,579 - INFO - Cleaned director - filled NaN and stripped whitespace
2025-05-07 20:43:03,632 - INFO - Performing data quality validation...
2025-05-07 20:43:03,632 - WARNING - Unusually long runtime detected: 338.0 minutes
2025-05-07 20:43:03,632 - INFO - Data validation complete
2025-05-07 20:44:49,479 - INFO - Converted budget to numeric (with NaN values)
2025-05-07 20:44:49,479 - INFO - Converted revenue to numeric (with NaN values)
2025-05-07 20:44:49,479 - INFO - Converted vote_count to numeric (with NaN values)
2025-05-07 20:44:49,480 - INFO - Converted popularity to float64 (with NaN values)
2025-05-07 20:44:49,480 - INFO - Converted runtime to float64 (with NaN values)
2025-05-07 20:44:49,480 - INFO - Converted vote_average to float64 (with NaN values)
2025-05-07 20:44:49,481 - INFO - Converted release_date to datetime
2025-05-07 20:44:49,485 - INFO - Cleaned original_title - filled NaN and stripped whitespace
2025-05-07 20:44:49,489 - INFO - Cleaned title - filled NaN and stripped whitespace
2025-05-07 20:44:49,491 - INFO - Cleaned original_language - filled NaN and stripped whitespace
2025-05-07 20:44:49,493 - INFO - Cleaned status - filled NaN and stripped whitespace
2025-05-07 20:44:49,497 - INFO - Cleaned director - filled NaN and stripped whitespace
2025-05-07 20:44:49,552 - INFO - Performing data quality validation...
2025-05-07 20:44:49,552 - WARNING - Unusually long runtime detected: 338.0 minutes
2025-05-07 20:44:49,552 - INFO - Data validation complete
2025-05-07 20:48:12,203 - INFO - Converted budget to numeric (with NaN values)
2025-05-07 20:48:12,204 - INFO - Converted revenue to numeric (with NaN values)
2025-05-07 20:48:12,204 - INFO - Converted vote_count to numeric (with NaN values)
2025-05-07 20:48:12,204 - INFO - Converted popularity to float64 (with NaN values)
2025-05-07 20:48:12,204 - INFO - Converted runtime to float64 (with NaN values)
2025-05-07 20:48:12,204 - INFO - Converted vote_average to float64 (with NaN values)
2025-05-07 20:48:12,205 - INFO - Converted release_date to datetime
2025-05-07 20:48:12,209 - INFO - Cleaned original_title - filled NaN and stripped whitespace
2025-05-07 20:48:12,214 - INFO - Cleaned title - filled NaN and stripped whitespace
2025-05-07 20:48:12,216 - INFO - Cleaned original_language - filled NaN and stripped whitespace
2025-05-07 20:48:12,219 - INFO - Cleaned status - filled NaN and stripped whitespace
2025-05-07 20:48:12,222 - INFO - Cleaned director - filled NaN and stripped whitespace
2025-05-07 20:48:12,284 - INFO - Performing data quality validation...
2025-05-07 20:48:12,284 - WARNING - Unusually long runtime detected: 338.0 minutes
2025-05-07 20:48:12,284 - INFO - Data validation complete
2025-05-07 20:50:31,405 - INFO - Converted budget to numeric (with NaN values)
2025-05-07 20:50:31,405 - INFO - Converted revenue to numeric (with NaN values)
2025-05-07 20:50:31,405 - INFO - Converted vote_count to numeric (with NaN values)
2025-05-07 20:50:31,405 - INFO - Converted popularity to float64 (with NaN values)
2025-05-07 20:50:31,405 - INFO - Converted runtime to float64 (with NaN values)
2025-05-07 20:50:31,405 - INFO - Converted vote_average to float64 (with NaN values)
2025-05-07 20:50:31,406 - INFO - Converted release_date to datetime
2025-05-07 20:50:31,411 - INFO - Cleaned original_title - filled NaN and stripped whitespace
2025-05-07 20:50:31,415 - INFO - Cleaned title - filled NaN and stripped whitespace
2025-05-07 20:50:31,417 - INFO - Cleaned original_language - filled NaN and stripped whitespace
2025-05-07 20:50:31,420 - INFO - Cleaned status - filled NaN and stripped whitespace
2025-05-07 20:50:31,423 - INFO - Cleaned director - filled NaN and stripped whitespace
2025-05-07 20:50:31,490 - INFO - Performing data quality validation...
2025-05-07 20:50:31,490 - WARNING - Unusually long runtime detected: 338.0 minutes
2025-05-07 20:50:31,490 - INFO - Data validation complete
2025-05-07 20:51:15,500 - INFO - Converted budget to numeric (with NaN values)
2025-05-07 20:51:15,500 - INFO - Converted revenue to numeric (with NaN values)
2025-05-07 20:51:15,500 - INFO - Converted vote_count to numeric (with NaN values)
2025-05-07 20:51:15,500 - INFO - Converted popularity to float64 (with NaN values)
2025-05-07 20:51:15,501 - INFO - Converted runtime to float64 (with NaN values)
2025-05-07 20:51:15,501 - INFO - Converted vote_average to float64 (with NaN values)
2025-05-07 20:51:15,502 - INFO - Converted release_date to datetime
2025-05-07 20:51:15,506 - INFO - Cleaned original_title - filled NaN and stripped whitespace
2025-05-07 20:51:15,510 - INFO - Cleaned title - filled NaN and stripped whitespace
2025-05-07 20:51:15,512 - INFO - Cleaned original_language - filled NaN and stripped whitespace
2025-05-07 20:51:15,514 - INFO - Cleaned status - filled NaN and stripped whitespace
2025-05-07 20:51:15,517 - INFO - Cleaned director - filled NaN and stripped whitespace
2025-05-07 20:51:15,602 - INFO - Performing data quality validation...
2025-05-07 20:51:15,602 - WARNING - Unusually long runtime detected: 338.0 minutes
2025-05-07 20:51:15,602 - INFO - Data validation complete
2025-05-07 20:51:33,655 - INFO - Converted budget to numeric (with NaN values)
2025-05-07 20:51:33,656 - INFO - Converted revenue to numeric (with NaN values)
2025-05-07 20:51:33,656 - INFO - Converted vote_count to numeric (with NaN values)
2025-05-07 20:51:33,656 - INFO - Converted popularity to float64 (with NaN values)
2025-05-07 20:51:33,656 - INFO - Converted runtime to float64 (with NaN values)
2025-05-07 20:51:33,656 - INFO - Converted vote_average to float64 (with NaN values)
2025-05-07 20:51:33,657 - INFO - Converted release_date to datetime
2025-05-07 20:51:33,661 - INFO - Cleaned original_title - filled NaN and stripped whitespace
2025-05-07 20:51:33,665 - INFO - Cleaned title - filled NaN and stripped whitespace
2025-05-07 20:51:33,667 - INFO - Cleaned original_language - filled NaN and stripped whitespace
2025-05-07 20:51:33,669 - INFO - Cleaned status - filled NaN and stripped whitespace
2025-05-07 20:51:33,673 - INFO - Cleaned director - filled NaN and stripped whitespace
2025-05-07 20:51:33,727 - INFO - Performing data quality validation...
2025-05-07 20:51:33,727 - WARNING - Unusually long runtime detected: 338.0 minutes
2025-05-07 20:51:33,727 - INFO - Data validation complete
2025-05-07 20:52:51,249 - INFO - Converted budget to numeric (with NaN values)
2025-05-07 20:52:51,249 - INFO - Converted revenue to numeric (with NaN values)
2025-05-07 20:52:51,249 - INFO - Converted vote_count to numeric (with NaN values)
2025-05-07 20:52:51,249 - INFO - Converted popularity to float64 (with NaN values)
2025-05-07 20:52:51,250 - INFO - Converted runtime to float64 (with NaN values)
2025-05-07 20:52:51,250 - INFO - Converted vote_average to float64 (with NaN values)
2025-05-07 20:52:51,251 - INFO - Converted release_date to datetime
2025-05-07 20:52:51,256 - INFO - Cleaned original_title - filled NaN and stripped whitespace
2025-05-07 20:52:51,260 - INFO - Cleaned title - filled NaN and stripped whitespace
2025-05-07 20:52:51,262 - INFO - Cleaned original_language - filled NaN and stripped whitespace
2025-05-07 20:52:51,265 - INFO - Cleaned status - filled NaN and stripped whitespace
2025-05-07 20:52:51,270 - INFO - Cleaned director - filled NaN and stripped whitespace
2025-05-07 20:52:51,329 - INFO - Performing data quality validation...
2025-05-07 20:52:51,329 - WARNING - Unusually long runtime detected: 338.0 minutes
2025-05-07 20:52:51,329 - INFO - Data validation complete
2025-05-07 20:54:01,676 - INFO - Converted budget to numeric (with NaN values)
2025-05-07 20:54:01,677 - INFO - Converted revenue to numeric (with NaN values)
2025-05-07 20:54:01,677 - INFO - Converted vote_count to numeric (with NaN values)
2025-05-07 20:54:01,677 - INFO - Converted popularity to float64 (with NaN values)
2025-05-07 20:54:01,677 - INFO - Converted runtime to float64 (with NaN values)
2025-05-07 20:54:01,677 - INFO - Converted vote_average to float64 (with NaN values)
2025-05-07 20:54:01,678 - INFO - Converted release_date to datetime
2025-05-07 20:54:01,682 - INFO - Cleaned original_title - filled NaN and stripped whitespace
2025-05-07 20:54:01,686 - INFO - Cleaned title - filled NaN and stripped whitespace
2025-05-07 20:54:01,689 - INFO - Cleaned original_language - filled NaN and stripped whitespace
2025-05-07 20:54:01,691 - INFO - Cleaned status - filled NaN and stripped whitespace
2025-05-07 20:54:01,695 - INFO - Cleaned director - filled NaN and stripped whitespace
2025-05-07 20:54:01,752 - INFO - Performing data quality validation...
2025-05-07 20:54:01,752 - WARNING - Unusually long runtime detected: 338.0 minutes
2025-05-07 20:54:01,752 - INFO - Data validation complete
2025-05-07 20:55:38,304 - INFO - Converted budget to numeric (with NaN values)
2025-05-07 20:55:38,304 - INFO - Converted revenue to numeric (with NaN values)
2025-05-07 20:55:38,304 - INFO - Converted vote_count to numeric (with NaN values)
2025-05-07 20:55:38,304 - INFO - Converted popularity to float64 (with NaN values)
2025-05-07 20:55:38,304 - INFO - Converted runtime to float64 (with NaN values)
2025-05-07 20:55:38,304 - INFO - Converted vote_average to float64 (with NaN values)
2025-05-07 20:55:38,306 - INFO - Converted release_date to datetime
2025-05-07 20:55:38,310 - INFO - Cleaned original_title - filled NaN and stripped whitespace
2025-05-07 20:55:38,314 - INFO - Cleaned title - filled NaN and stripped whitespace
2025-05-07 20:55:38,316 - INFO - Cleaned original_language - filled NaN and stripped whitespace
2025-05-07 20:55:38,318 - INFO - Cleaned status - filled NaN and stripped whitespace
2025-05-07 20:55:38,322 - INFO - Cleaned director - filled NaN and stripped whitespace
2025-05-07 20:55:38,383 - INFO - Performing data quality validation...
2025-05-07 20:55:38,383 - WARNING - Unusually long runtime detected: 338.0 minutes
2025-05-07 20:55:38,383 - INFO - Data validation complete
2025-05-07 20:58:39,039 - INFO - Converted budget to numeric (with NaN values)
2025-05-07 20:58:39,039 - INFO - Converted revenue to numeric (with NaN values)
2025-05-07 20:58:39,039 - INFO - Converted vote_count to numeric (with NaN values)
2025-05-07 20:58:39,039 - INFO - Converted popularity to float64 (with NaN values)
2025-05-07 20:58:39,039 - INFO - Converted runtime to float64 (with NaN values)
2025-05-07 20:58:39,039 - INFO - Converted vote_average to float64 (with NaN values)
2025-05-07 20:58:39,040 - INFO - Converted release_date to datetime
2025-05-07 20:58:39,045 - INFO - Cleaned original_title - filled NaN and stripped whitespace
2025-05-07 20:58:39,049 - INFO - Cleaned title - filled NaN and stripped whitespace
2025-05-07 20:58:39,051 - INFO - Cleaned original_language - filled NaN and stripped whitespace
2025-05-07 20:58:39,053 - INFO - Cleaned status - filled NaN and stripped whitespace
2025-05-07 20:58:39,057 - INFO - Cleaned director - filled NaN and stripped whitespace
2025-05-07 20:58:39,115 - INFO - Performing data quality validation...
2025-05-07 20:58:39,115 - WARNING - Unusually long runtime detected: 338.0 minutes
2025-05-07 20:58:39,115 - INFO - Data validation complete
2025-05-07 20:59:03,012 - INFO - Converted budget to numeric (with NaN values)
2025-05-07 20:59:03,012 - INFO - Converted revenue to numeric (with NaN values)
2025-05-07 20:59:03,012 - INFO - Converted vote_count to numeric (with NaN values)
2025-05-07 20:59:03,012 - INFO - Converted popularity to float64 (with NaN values)
2025-05-07 20:59:03,012 - INFO - Converted runtime to float64 (with NaN values)
2025-05-07 20:59:03,012 - INFO - Converted vote_average to float64 (with NaN values)
2025-05-07 20:59:03,013 - INFO - Converted release_date to datetime
2025-05-07 20:59:03,017 - INFO - Cleaned original_title - filled NaN and stripped whitespace
2025-05-07 20:59:03,022 - INFO - Cleaned title - filled NaN and stripped whitespace
2025-05-07 20:59:03,024 - INFO - Cleaned original_language - filled NaN and stripped whitespace
2025-05-07 20:59:03,026 - INFO - Cleaned status - filled NaN and stripped whitespace
2025-05-07 20:59:03,030 - INFO - Cleaned director - filled NaN and stripped whitespace
2025-05-07 20:59:03,085 - INFO - Performing data quality validation...
2025-05-07 20:59:03,086 - WARNING - Unusually long runtime detected: 338.0 minutes
2025-05-07 20:59:03,086 - INFO - Data validation complete
2025-05-07 21:04:21,473 - INFO - Converted budget to numeric (with NaN values)
2025-05-07 21:04:21,473 - INFO - Converted revenue to numeric (with NaN values)
2025-05-07 21:04:21,473 - INFO - Converted vote_count to numeric (with NaN values)
2025-05-07 21:04:21,473 - INFO - Converted popularity to float64 (with NaN values)
2025-05-07 21:04:21,473 - INFO - Converted runtime to float64 (with NaN values)
2025-05-07 21:04:21,474 - INFO - Converted vote_average to float64 (with NaN values)
2025-05-07 21:04:21,475 - INFO - Converted release_date to datetime
2025-05-07 21:04:21,479 - INFO - Cleaned original_title - filled NaN and stripped whitespace
2025-05-07 21:04:21,483 - INFO - Cleaned title - filled NaN and stripped whitespace
2025-05-07 21:04:21,485 - INFO - Cleaned original_language - filled NaN and stripped whitespace
2025-05-07 21:04:21,488 - INFO - Cleaned status - filled NaN and stripped whitespace
2025-05-07 21:04:21,491 - INFO - Cleaned director - filled NaN and stripped whitespace
2025-05-07 21:04:21,551 - INFO - Performing data quality validation...
2025-05-07 21:04:21,552 - WARNING - Unusually long runtime detected: 338.0 minutes
2025-05-07 21:04:21,552 - INFO - Data validation complete
2025-05-07 21:06:42,886 - INFO - Converted budget to numeric (with NaN values)
2025-05-07 21:06:42,886 - INFO - Converted revenue to numeric (with NaN values)
2025-05-07 21:06:42,886 - INFO - Converted vote_count to numeric (with NaN values)
2025-05-07 21:06:42,886 - INFO - Converted popularity to float64 (with NaN values)
2025-05-07 21:06:42,886 - INFO - Converted runtime to float64 (with NaN values)
2025-05-07 21:06:42,886 - INFO - Converted vote_average to float64 (with NaN values)
2025-05-07 21:06:42,887 - INFO - Converted release_date to datetime
2025-05-07 21:06:42,891 - INFO - Cleaned original_title - filled NaN and stripped whitespace
2025-05-07 21:06:42,896 - INFO - Cleaned title - filled NaN and stripped whitespace
2025-05-07 21:06:42,898 - INFO - Cleaned original_language - filled NaN and stripped whitespace
2025-05-07 21:06:42,900 - INFO - Cleaned status - filled NaN and stripped whitespace
2025-05-07 21:06:42,904 - INFO - Cleaned director - filled NaN and stripped whitespace
2025-05-07 21:06:42,959 - INFO - Performing data quality validation...
2025-05-07 21:06:42,959 - WARNING - Unusually long runtime detected: 338.0 minutes
2025-05-07 21:06:42,960 - INFO - Data validation complete
2025-05-07 21:06:50,514 - INFO - Converted budget to numeric (with NaN values)
2025-05-07 21:06:50,514 - INFO - Converted revenue to numeric (with NaN values)
2025-05-07 21:06:50,514 - INFO - Converted vote_count to numeric (with NaN values)
2025-05-07 21:06:50,514 - INFO - Converted popularity to float64 (with NaN values)
2025-05-07 21:06:50,514 - INFO - Converted runtime to float64 (with NaN values)
2025-05-07 21:06:50,514 - INFO - Converted vote_average to float64 (with NaN values)
2025-05-07 21:06:50,515 - INFO - Converted release_date to datetime
2025-05-07 21:06:50,519 - INFO - Cleaned original_title - filled NaN and stripped whitespace
2025-05-07 21:06:50,524 - INFO - Cleaned title - filled NaN and stripped whitespace
2025-05-07 21:06:50,526 - INFO - Cleaned original_language - filled NaN and stripped whitespace
2025-05-07 21:06:50,528 - INFO - Cleaned status - filled NaN and stripped whitespace
2025-05-07 21:06:50,532 - INFO - Cleaned director - filled NaN and stripped whitespace
2025-05-07 21:06:50,588 - INFO - Performing data quality validation...
2025-05-07 21:06:50,589 - WARNING - Unusually long runtime detected: 338.0 minutes
2025-05-07 21:06:50,589 - INFO - Data validation complete
2025-05-07 21:07:32,892 - INFO - Converted budget to numeric (with NaN values)
2025-05-07 21:07:32,892 - INFO - Converted revenue to numeric (with NaN values)
2025-05-07 21:07:32,892 - INFO - Converted vote_count to numeric (with NaN values)
2025-05-07 21:07:32,892 - INFO - Converted popularity to float64 (with NaN values)
2025-05-07 21:07:32,892 - INFO - Converted runtime to float64 (with NaN values)
2025-05-07 21:07:32,892 - INFO - Converted vote_average to float64 (with NaN values)
2025-05-07 21:07:32,893 - INFO - Converted release_date to datetime
2025-05-07 21:07:32,898 - INFO - Cleaned original_title - filled NaN and stripped whitespace
2025-05-07 21:07:32,902 - INFO - Cleaned title - filled NaN and stripped whitespace
2025-05-07 21:07:32,904 - INFO - Cleaned original_language - filled NaN and stripped whitespace
2025-05-07 21:07:32,906 - INFO - Cleaned status - filled NaN and stripped whitespace
2025-05-07 21:07:32,910 - INFO - Cleaned director - filled NaN and stripped whitespace
2025-05-07 21:07:32,966 - INFO - Performing data quality validation...
2025-05-07 21:07:32,966 - WARNING - Unusually long runtime detected: 338.0 minutes
2025-05-07 21:07:32,966 - INFO - Data validation complete
2025-05-07 21:22:08,491 - INFO - Converted budget to numeric (with NaN values)
2025-05-07 21:22:08,491 - INFO - Converted revenue to numeric (with NaN values)
2025-05-07 21:22:08,491 - INFO - Converted vote_count to numeric (with NaN values)
2025-05-07 21:22:08,491 - INFO - Converted popularity to float64 (with NaN values)
2025-05-07 21:22:08,491 - INFO - Converted runtime to float64 (with NaN values)
2025-05-07 21:22:08,491 - INFO - Converted vote_average to float64 (with NaN values)
2025-05-07 21:22:08,492 - INFO - Converted release_date to datetime
2025-05-07 21:22:08,496 - INFO - Cleaned original_title - filled NaN and stripped whitespace
2025-05-07 21:22:08,500 - INFO - Cleaned title - filled NaN and stripped whitespace
2025-05-07 21:22:08,503 - INFO - Cleaned original_language - filled NaN and stripped whitespace
2025-05-07 21:22:08,505 - INFO - Cleaned status - filled NaN and stripped whitespace
2025-05-07 21:22:08,508 - INFO - Cleaned director - filled NaN and stripped whitespace
2025-05-07 21:22:08,564 - INFO - Performing data quality validation...
2025-05-07 21:22:08,565 - WARNING - Unusually long runtime detected: 338.0 minutes
2025-05-07 21:22:08,565 - INFO - Data validation complete
2025-05-07 21:25:53,377 - INFO - Converted budget to numeric (with NaN values)
2025-05-07 21:25:53,377 - INFO - Converted revenue to numeric (with NaN values)
2025-05-07 21:25:53,377 - INFO - Converted vote_count to numeric (with NaN values)
2025-05-07 21:25:53,377 - INFO - Converted popularity to float64 (with NaN values)
2025-05-07 21:25:53,377 - INFO - Converted runtime to float64 (with NaN values)
2025-05-07 21:25:53,377 - INFO - Converted vote_average to float64 (with NaN values)
2025-05-07 21:25:53,378 - INFO - Converted release_date to datetime
2025-05-07 21:25:53,382 - INFO - Cleaned original_title - filled NaN and stripped whitespace
2025-05-07 21:25:53,386 - INFO - Cleaned title - filled NaN and stripped whitespace
2025-05-07 21:25:53,388 - INFO - Cleaned original_language - filled NaN and stripped whitespace
2025-05-07 21:25:53,391 - INFO - Cleaned status - filled NaN and stripped whitespace
2025-05-07 21:25:53,394 - INFO - Cleaned director - filled NaN and stripped whitespace
2025-05-07 21:25:53,448 - INFO - Performing data quality validation...
2025-05-07 21:25:53,449 - WARNING - Unusually long runtime detected: 338.0 minutes
2025-05-07 21:25:53,449 - INFO - Data validation complete
2025-05-07 21:26:59,768 - INFO - Converted budget to numeric (with NaN values)
2025-05-07 21:26:59,768 - INFO - Converted revenue to numeric (with NaN values)
2025-05-07 21:26:59,768 - INFO - Converted vote_count to numeric (with NaN values)
2025-05-07 21:26:59,768 - INFO - Converted popularity to float64 (with NaN values)
2025-05-07 21:26:59,769 - INFO - Converted runtime to float64 (with NaN values)
2025-05-07 21:26:59,769 - INFO - Converted vote_average to float64 (with NaN values)
2025-05-07 21:26:59,770 - INFO - Converted release_date to datetime
2025-05-07 21:26:59,774 - INFO - Cleaned original_title - filled NaN and stripped whitespace
2025-05-07 21:26:59,778 - INFO - Cleaned title - filled NaN and stripped whitespace
2025-05-07 21:26:59,781 - INFO - Cleaned original_language - filled NaN and stripped whitespace
2025-05-07 21:26:59,783 - INFO - Cleaned status - filled NaN and stripped whitespace
2025-05-07 21:26:59,787 - INFO - Cleaned director - filled NaN and stripped whitespace
2025-05-07 21:26:59,845 - INFO - Performing data quality validation...
2025-05-07 21:26:59,845 - WARNING - Unusually long runtime detected: 338.0 minutes
2025-05-07 21:26:59,845 - INFO - Data validation complete
2025-05-07 21:27:10,669 - INFO - Converted budget to numeric (with NaN values)
2025-05-07 21:27:10,669 - INFO - Converted revenue to numeric (with NaN values)
2025-05-07 21:27:10,669 - INFO - Converted vote_count to numeric (with NaN values)
2025-05-07 21:27:10,669 - INFO - Converted popularity to float64 (with NaN values)
2025-05-07 21:27:10,669 - INFO - Converted runtime to float64 (with NaN values)
2025-05-07 21:27:10,669 - INFO - Converted vote_average to float64 (with NaN values)
2025-05-07 21:27:10,670 - INFO - Converted release_date to datetime
2025-05-07 21:27:10,674 - INFO - Cleaned original_title - filled NaN and stripped whitespace
2025-05-07 21:27:10,678 - INFO - Cleaned title - filled NaN and stripped whitespace
2025-05-07 21:27:10,680 - INFO - Cleaned original_language - filled NaN and stripped whitespace
2025-05-07 21:27:10,683 - INFO - Cleaned status - filled NaN and stripped whitespace
2025-05-07 21:27:10,686 - INFO - Cleaned director - filled NaN and stripped whitespace
2025-05-07 21:27:10,740 - INFO - Performing data quality validation...
2025-05-07 21:27:10,740 - WARNING - Unusually long runtime detected: 338.0 minutes
2025-05-07 21:27:10,740 - INFO - Data validation complete
2025-05-07 21:28:32,336 - INFO - Converted budget to numeric (with NaN values)
2025-05-07 21:28:32,336 - INFO - Converted revenue to numeric (with NaN values)
2025-05-07 21:28:32,336 - INFO - Converted vote_count to numeric (with NaN values)
2025-05-07 21:28:32,336 - INFO - Converted popularity to float64 (with NaN values)
2025-05-07 21:28:32,336 - INFO - Converted runtime to float64 (with NaN values)
2025-05-07 21:28:32,337 - INFO - Converted vote_average to float64 (with NaN values)
2025-05-07 21:28:32,338 - INFO - Converted release_date to datetime
2025-05-07 21:28:32,342 - INFO - Cleaned original_title - filled NaN and stripped whitespace
2025-05-07 21:28:32,346 - INFO - Cleaned title - filled NaN and stripped whitespace
2025-05-07 21:28:32,348 - INFO - Cleaned original_language - filled NaN and stripped whitespace
2025-05-07 21:28:32,350 - INFO - Cleaned status - filled NaN and stripped whitespace
2025-05-07 21:28:32,353 - INFO - Cleaned director - filled NaN and stripped whitespace
2025-05-07 21:28:32,407 - INFO - Performing data quality validation...
2025-05-07 21:28:32,407 - WARNING - Unusually long runtime detected: 338.0 minutes
2025-05-07 21:28:32,407 - INFO - Data validation complete
2025-05-07 21:32:18,458 - INFO - Converted budget to numeric (with NaN values)
2025-05-07 21:32:18,459 - INFO - Converted revenue to numeric (with NaN values)
2025-05-07 21:32:18,459 - INFO - Converted vote_count to numeric (with NaN values)
2025-05-07 21:32:18,459 - INFO - Converted popularity to float64 (with NaN values)
2025-05-07 21:32:18,459 - INFO - Converted runtime to float64 (with NaN values)
2025-05-07 21:32:18,459 - INFO - Converted vote_average to float64 (with NaN values)
2025-05-07 21:32:18,460 - INFO - Converted release_date to datetime
2025-05-07 21:32:18,465 - INFO - Cleaned original_title - filled NaN and stripped whitespace
2025-05-07 21:32:18,469 - INFO - Cleaned title - filled NaN and stripped whitespace
2025-05-07 21:32:18,471 - INFO - Cleaned original_language - filled NaN and stripped whitespace
2025-05-07 21:32:18,473 - INFO - Cleaned status - filled NaN and stripped whitespace
2025-05-07 21:32:18,477 - INFO - Cleaned director - filled NaN and stripped whitespace
2025-05-07 21:32:18,533 - INFO - Performing data quality validation...
2025-05-07 21:32:18,533 - WARNING - Unusually long runtime detected: 338.0 minutes
2025-05-07 21:32:18,533 - INFO - Data validation complete
2025-05-07 21:32:54,476 - INFO - Converted budget to numeric (with NaN values)
2025-05-07 21:32:54,476 - INFO - Converted revenue to numeric (with NaN values)
2025-05-07 21:32:54,476 - INFO - Converted vote_count to numeric (with NaN values)
2025-05-07 21:32:54,476 - INFO - Converted popularity to float64 (with NaN values)
2025-05-07 21:32:54,476 - INFO - Converted runtime to float64 (with NaN values)
2025-05-07 21:32:54,476 - INFO - Converted vote_average to float64 (with NaN values)
2025-05-07 21:32:54,478 - INFO - Converted release_date to datetime
2025-05-07 21:32:54,482 - INFO - Cleaned original_title - filled NaN and stripped whitespace
2025-05-07 21:32:54,485 - INFO - Cleaned title - filled NaN and stripped whitespace
2025-05-07 21:32:54,488 - INFO - Cleaned original_language - filled NaN and stripped whitespace
2025-05-07 21:32:54,490 - INFO - Cleaned status - filled NaN and stripped whitespace
2025-05-07 21:32:54,493 - INFO - Cleaned director - filled NaN and stripped whitespace
2025-05-07 21:32:54,548 - INFO - Performing data quality validation...
2025-05-07 21:32:54,548 - WARNING - Unusually long runtime detected: 338.0 minutes
2025-05-07 21:32:54,548 - INFO - Data validation complete
2025-05-07 21:33:17,672 - INFO - Converted budget to numeric (with NaN values)
2025-05-07 21:33:17,672 - INFO - Converted revenue to numeric (with NaN values)
2025-05-07 21:33:17,672 - INFO - Converted vote_count to numeric (with NaN values)
2025-05-07 21:33:17,672 - INFO - Converted popularity to float64 (with NaN values)
2025-05-07 21:33:17,672 - INFO - Converted runtime to float64 (with NaN values)
2025-05-07 21:33:17,673 - INFO - Converted vote_average to float64 (with NaN values)
2025-05-07 21:33:17,674 - INFO - Converted release_date to datetime
2025-05-07 21:33:17,678 - INFO - Cleaned original_title - filled NaN and stripped whitespace
2025-05-07 21:33:17,682 - INFO - Cleaned title - filled NaN and stripped whitespace
2025-05-07 21:33:17,684 - INFO - Cleaned original_language - filled NaN and stripped whitespace
2025-05-07 21:33:17,686 - INFO - Cleaned status - filled NaN and stripped whitespace
2025-05-07 21:33:17,690 - INFO - Cleaned director - filled NaN and stripped whitespace
2025-05-07 21:33:17,743 - INFO - Performing data quality validation...
2025-05-07 21:33:17,743 - WARNING - Unusually long runtime detected: 338.0 minutes
2025-05-07 21:33:17,743 - INFO - Data validation complete
2025-05-07 21:34:07,716 - INFO - Converted budget to numeric (with NaN values)
2025-05-07 21:34:07,716 - INFO - Converted revenue to numeric (with NaN values)
2025-05-07 21:34:07,716 - INFO - Converted vote_count to numeric (with NaN values)
2025-05-07 21:34:07,716 - INFO - Converted popularity to float64 (with NaN values)
2025-05-07 21:34:07,716 - INFO - Converted runtime to float64 (with NaN values)
2025-05-07 21:34:07,716 - INFO - Converted vote_average to float64 (with NaN values)
2025-05-07 21:34:07,718 - INFO - Converted release_date to datetime
2025-05-07 21:34:07,722 - INFO - Cleaned original_title - filled NaN and stripped whitespace
2025-05-07 21:34:07,726 - INFO - Cleaned title - filled NaN and stripped whitespace
2025-05-07 21:34:07,728 - INFO - Cleaned original_language - filled NaN and stripped whitespace
2025-05-07 21:34:07,730 - INFO - Cleaned status - filled NaN and stripped whitespace
2025-05-07 21:34:07,734 - INFO - Cleaned director - filled NaN and stripped whitespace
2025-05-07 21:34:07,786 - INFO - Performing data quality validation...
2025-05-07 21:34:07,787 - WARNING - Unusually long runtime detected: 338.0 minutes
2025-05-07 21:34:07,787 - INFO - Data validation complete
2025-05-07 21:34:27,551 - INFO - Converted budget to numeric (with NaN values)
2025-05-07 21:34:27,552 - INFO - Converted revenue to numeric (with NaN values)
2025-05-07 21:34:27,552 - INFO - Converted vote_count to numeric (with NaN values)
2025-05-07 21:34:27,552 - INFO - Converted popularity to float64 (with NaN values)
2025-05-07 21:34:27,552 - INFO - Converted runtime to float64 (with NaN values)
2025-05-07 21:34:27,552 - INFO - Converted vote_average to float64 (with NaN values)
2025-05-07 21:34:27,553 - INFO - Converted release_date to datetime
2025-05-07 21:34:27,557 - INFO - Cleaned original_title - filled NaN and stripped whitespace
2025-05-07 21:34:27,561 - INFO - Cleaned title - filled NaN and stripped whitespace
2025-05-07 21:34:27,564 - INFO - Cleaned original_language - filled NaN and stripped whitespace
2025-05-07 21:34:27,566 - INFO - Cleaned status - filled NaN and stripped whitespace
2025-05-07 21:34:27,569 - INFO - Cleaned director - filled NaN and stripped whitespace
2025-05-07 21:34:27,624 - INFO - Performing data quality validation...
2025-05-07 21:34:27,624 - WARNING - Unusually long runtime detected: 338.0 minutes
2025-05-07 21:34:27,624 - INFO - Data validation complete
2025-05-07 21:36:12,237 - INFO - Converted budget to numeric (with NaN values)
2025-05-07 21:36:12,237 - INFO - Converted revenue to numeric (with NaN values)
2025-05-07 21:36:12,238 - INFO - Converted vote_count to numeric (with NaN values)
2025-05-07 21:36:12,238 - INFO - Converted popularity to float64 (with NaN values)
2025-05-07 21:36:12,238 - INFO - Converted runtime to float64 (with NaN values)
2025-05-07 21:36:12,238 - INFO - Converted vote_average to float64 (with NaN values)
2025-05-07 21:36:12,239 - INFO - Converted release_date to datetime
2025-05-07 21:36:12,243 - INFO - Cleaned original_title - filled NaN and stripped whitespace
2025-05-07 21:36:12,247 - INFO - Cleaned title - filled NaN and stripped whitespace
2025-05-07 21:36:12,249 - INFO - Cleaned original_language - filled NaN and stripped whitespace
2025-05-07 21:36:12,251 - INFO - Cleaned status - filled NaN and stripped whitespace
2025-05-07 21:36:12,255 - INFO - Cleaned director - filled NaN and stripped whitespace
2025-05-07 21:36:12,308 - INFO - Performing data quality validation...
2025-05-07 21:36:12,308 - WARNING - Unusually long runtime detected: 338.0 minutes
2025-05-07 21:36:12,308 - INFO - Data validation complete
2025-05-07 21:54:00,800 - INFO - Converted budget to numeric (with NaN values)
2025-05-07 21:54:00,800 - INFO - Converted revenue to numeric (with NaN values)
2025-05-07 21:54:00,800 - INFO - Converted vote_count to numeric (with NaN values)
2025-05-07 21:54:00,800 - INFO - Converted popularity to float64 (with NaN values)
2025-05-07 21:54:00,800 - INFO - Converted runtime to float64 (with NaN values)
2025-05-07 21:54:00,800 - INFO - Converted vote_average to float64 (with NaN values)
2025-05-07 21:54:00,801 - INFO - Converted release_date to datetime
2025-05-07 21:54:00,805 - INFO - Cleaned original_title - filled NaN and stripped whitespace
2025-05-07 21:54:00,809 - INFO - Cleaned title - filled NaN and stripped whitespace
2025-05-07 21:54:00,811 - INFO - Cleaned original_language - filled NaN and stripped whitespace
2025-05-07 21:54:00,814 - INFO - Cleaned status - filled NaN and stripped whitespace
2025-05-07 21:54:00,817 - INFO - Cleaned director - filled NaN and stripped whitespace
2025-05-07 21:54:00,870 - INFO - Performing data quality validation...
2025-05-07 21:54:00,870 - WARNING - Unusually long runtime detected: 338.0 minutes
2025-05-07 21:54:00,870 - INFO - Data validation complete
2025-05-07 21:54:41,754 - INFO - Converted budget to numeric (with NaN values)
2025-05-07 21:54:41,754 - INFO - Converted revenue to numeric (with NaN values)
2025-05-07 21:54:41,754 - INFO - Converted vote_count to numeric (with NaN values)
2025-05-07 21:54:41,754 - INFO - Converted popularity to float64 (with NaN values)
2025-05-07 21:54:41,754 - INFO - Converted runtime to float64 (with NaN values)
2025-05-07 21:54:41,754 - INFO - Converted vote_average to float64 (with NaN values)
2025-05-07 21:54:41,756 - INFO - Converted release_date to datetime
2025-05-07 21:54:41,760 - INFO - Cleaned original_title - filled NaN and stripped whitespace
2025-05-07 21:54:41,764 - INFO - Cleaned title - filled NaN and stripped whitespace
2025-05-07 21:54:41,766 - INFO - Cleaned original_language - filled NaN and stripped whitespace
2025-05-07 21:54:41,768 - INFO - Cleaned status - filled NaN and stripped whitespace
2025-05-07 21:54:41,772 - INFO - Cleaned director - filled NaN and stripped whitespace
2025-05-07 21:54:41,825 - INFO - Performing data quality validation...
2025-05-07 21:54:41,825 - WARNING - Unusually long runtime detected: 338.0 minutes
2025-05-07 21:54:41,825 - INFO - Data validation complete
2025-05-07 21:55:00,564 - INFO - Converted budget to numeric (with NaN values)
2025-05-07 21:55:00,564 - INFO - Converted revenue to numeric (with NaN values)
2025-05-07 21:55:00,564 - INFO - Converted vote_count to numeric (with NaN values)
2025-05-07 21:55:00,564 - INFO - Converted popularity to float64 (with NaN values)
2025-05-07 21:55:00,564 - INFO - Converted runtime to float64 (with NaN values)
2025-05-07 21:55:00,564 - INFO - Converted vote_average to float64 (with NaN values)
2025-05-07 21:55:00,565 - INFO - Converted release_date to datetime
2025-05-07 21:55:00,569 - INFO - Cleaned original_title - filled NaN and stripped whitespace
2025-05-07 21:55:00,573 - INFO - Cleaned title - filled NaN and stripped whitespace
2025-05-07 21:55:00,576 - INFO - Cleaned original_language - filled NaN and stripped whitespace
2025-05-07 21:55:00,578 - INFO - Cleaned status - filled NaN and stripped whitespace
2025-05-07 21:55:00,582 - INFO - Cleaned director - filled NaN and stripped whitespace
2025-05-07 21:55:00,635 - INFO - Performing data quality validation...
2025-05-07 21:55:00,635 - WARNING - Unusually long runtime detected: 338.0 minutes
2025-05-07 21:55:00,635 - INFO - Data validation complete
2025-05-07 21:55:12,257 - INFO - Converted budget to numeric (with NaN values)
2025-05-07 21:55:12,257 - INFO - Converted revenue to numeric (with NaN values)
2025-05-07 21:55:12,257 - INFO - Converted vote_count to numeric (with NaN values)
2025-05-07 21:55:12,257 - INFO - Converted popularity to float64 (with NaN values)
2025-05-07 21:55:12,257 - INFO - Converted runtime to float64 (with NaN values)
2025-05-07 21:55:12,257 - INFO - Converted vote_average to float64 (with NaN values)
2025-05-07 21:55:12,259 - INFO - Converted release_date to datetime
2025-05-07 21:55:12,262 - INFO - Cleaned original_title - filled NaN and stripped whitespace
2025-05-07 21:55:12,266 - INFO - Cleaned title - filled NaN and stripped whitespace
2025-05-07 21:55:12,269 - INFO - Cleaned original_language - filled NaN and stripped whitespace
2025-05-07 21:55:12,271 - INFO - Cleaned status - filled NaN and stripped whitespace
2025-05-07 21:55:12,274 - INFO - Cleaned director - filled NaN and stripped whitespace
2025-05-07 21:55:12,328 - INFO - Performing data quality validation...
2025-05-07 21:55:12,328 - WARNING - Unusually long runtime detected: 338.0 minutes
2025-05-07 21:55:12,328 - INFO - Data validation complete
2025-05-07 21:55:26,045 - INFO - Converted budget to numeric (with NaN values)
2025-05-07 21:55:26,046 - INFO - Converted revenue to numeric (with NaN values)
2025-05-07 21:55:26,046 - INFO - Converted vote_count to numeric (with NaN values)
2025-05-07 21:55:26,046 - INFO - Converted popularity to float64 (with NaN values)
2025-05-07 21:55:26,046 - INFO - Converted runtime to float64 (with NaN values)
2025-05-07 21:55:26,046 - INFO - Converted vote_average to float64 (with NaN values)
2025-05-07 21:55:26,047 - INFO - Converted release_date to datetime
2025-05-07 21:55:26,051 - INFO - Cleaned original_title - filled NaN and stripped whitespace
2025-05-07 21:55:26,055 - INFO - Cleaned title - filled NaN and stripped whitespace
2025-05-07 21:55:26,057 - INFO - Cleaned original_language - filled NaN and stripped whitespace
2025-05-07 21:55:26,059 - INFO - Cleaned status - filled NaN and stripped whitespace
2025-05-07 21:55:26,063 - INFO - Cleaned director - filled NaN and stripped whitespace
2025-05-07 21:55:26,115 - INFO - Performing data quality validation...
2025-05-07 21:55:26,115 - WARNING - Unusually long runtime detected: 338.0 minutes
2025-05-07 21:55:26,115 - INFO - Data validation complete
2025-05-07 21:55:37,807 - INFO - Converted budget to numeric (with NaN values)
2025-05-07 21:55:37,807 - INFO - Converted revenue to numeric (with NaN values)
2025-05-07 21:55:37,807 - INFO - Converted vote_count to numeric (with NaN values)
2025-05-07 21:55:37,807 - INFO - Converted popularity to float64 (with NaN values)
2025-05-07 21:55:37,807 - INFO - Converted runtime to float64 (with NaN values)
2025-05-07 21:55:37,807 - INFO - Converted vote_average to float64 (with NaN values)
2025-05-07 21:55:37,808 - INFO - Converted release_date to datetime
2025-05-07 21:55:37,812 - INFO - Cleaned original_title - filled NaN and stripped whitespace
2025-05-07 21:55:37,816 - INFO - Cleaned title - filled NaN and stripped whitespace
2025-05-07 21:55:37,818 - INFO - Cleaned original_language - filled NaN and stripped whitespace
2025-05-07 21:55:37,820 - INFO - Cleaned status - filled NaN and stripped whitespace
2025-05-07 21:55:37,823 - INFO - Cleaned director - filled NaN and stripped whitespace
2025-05-07 21:55:37,877 - INFO - Performing data quality validation...
2025-05-07 21:55:37,877 - WARNING - Unusually long runtime detected: 338.0 minutes
2025-05-07 21:55:37,877 - INFO - Data validation complete
2025-05-07 21:56:19,039 - INFO - Converted budget to numeric (with NaN values)
2025-05-07 21:56:19,039 - INFO - Converted revenue to numeric (with NaN values)
2025-05-07 21:56:19,039 - INFO - Converted vote_count to numeric (with NaN values)
2025-05-07 21:56:19,039 - INFO - Converted popularity to float64 (with NaN values)
2025-05-07 21:56:19,039 - INFO - Converted runtime to float64 (with NaN values)
2025-05-07 21:56:19,039 - INFO - Converted vote_average to float64 (with NaN values)
2025-05-07 21:56:19,040 - INFO - Converted release_date to datetime
2025-05-07 21:56:19,044 - INFO - Cleaned original_title - filled NaN and stripped whitespace
2025-05-07 21:56:19,048 - INFO - Cleaned title - filled NaN and stripped whitespace
2025-05-07 21:56:19,050 - INFO - Cleaned original_language - filled NaN and stripped whitespace
2025-05-07 21:56:19,053 - INFO - Cleaned status - filled NaN and stripped whitespace
2025-05-07 21:56:19,056 - INFO - Cleaned director - filled NaN and stripped whitespace
2025-05-07 21:56:19,109 - INFO - Performing data quality validation...
2025-05-07 21:56:19,110 - WARNING - Unusually long runtime detected: 338.0 minutes
2025-05-07 21:56:19,110 - INFO - Data validation complete
2025-05-07 21:56:47,963 - INFO - Converted budget to numeric (with NaN values)
2025-05-07 21:56:47,964 - INFO - Converted revenue to numeric (with NaN values)
2025-05-07 21:56:47,964 - INFO - Converted vote_count to numeric (with NaN values)
2025-05-07 21:56:47,964 - INFO - Converted popularity to float64 (with NaN values)
2025-05-07 21:56:47,964 - INFO - Converted runtime to float64 (with NaN values)
2025-05-07 21:56:47,964 - INFO - Converted vote_average to float64 (with NaN values)
2025-05-07 21:56:47,965 - INFO - Converted release_date to datetime
2025-05-07 21:56:47,969 - INFO - Cleaned original_title - filled NaN and stripped whitespace
2025-05-07 21:56:47,973 - INFO - Cleaned title - filled NaN and stripped whitespace
2025-05-07 21:56:47,975 - INFO - Cleaned original_language - filled NaN and stripped whitespace
2025-05-07 21:56:47,978 - INFO - Cleaned status - filled NaN and stripped whitespace
2025-05-07 21:56:47,981 - INFO - Cleaned director - filled NaN and stripped whitespace
2025-05-07 21:56:48,035 - INFO - Performing data quality validation...
2025-05-07 21:56:48,035 - WARNING - Unusually long runtime detected: 338.0 minutes
2025-05-07 21:56:48,036 - INFO - Data validation complete
2025-05-07 21:58:01,062 - INFO - Converted budget to numeric (with NaN values)
2025-05-07 21:58:01,062 - INFO - Converted revenue to numeric (with NaN values)
2025-05-07 21:58:01,062 - INFO - Converted vote_count to numeric (with NaN values)
2025-05-07 21:58:01,062 - INFO - Converted popularity to float64 (with NaN values)
2025-05-07 21:58:01,063 - INFO - Converted runtime to float64 (with NaN values)
2025-05-07 21:58:01,063 - INFO - Converted vote_average to float64 (with NaN values)
2025-05-07 21:58:01,064 - INFO - Converted release_date to datetime
2025-05-07 21:58:01,070 - INFO - Cleaned original_title - filled NaN and stripped whitespace
2025-05-07 21:58:01,075 - INFO - Cleaned title - filled NaN and stripped whitespace
2025-05-07 21:58:01,078 - INFO - Cleaned original_language - filled NaN and stripped whitespace
2025-05-07 21:58:01,080 - INFO - Cleaned status - filled NaN and stripped whitespace
2025-05-07 21:58:01,084 - INFO - Cleaned director - filled NaN and stripped whitespace
2025-05-07 21:58:01,182 - INFO - Performing data quality validation...
2025-05-07 21:58:01,182 - WARNING - Unusually long runtime detected: 338.0 minutes
2025-05-07 21:58:01,182 - INFO - Data validation complete
2025-05-07 21:58:01,205 - INFO - Dash is running on http://127.0.0.1:8050/

2025-05-07 21:58:02,376 - INFO - Converted budget to numeric (with NaN values)
2025-05-07 21:58:02,376 - INFO - Converted revenue to numeric (with NaN values)
2025-05-07 21:58:02,376 - INFO - Converted vote_count to numeric (with NaN values)
2025-05-07 21:58:02,377 - INFO - Converted popularity to float64 (with NaN values)
2025-05-07 21:58:02,377 - INFO - Converted runtime to float64 (with NaN values)
2025-05-07 21:58:02,377 - INFO - Converted vote_average to float64 (with NaN values)
2025-05-07 21:58:02,379 - INFO - Converted release_date to datetime
2025-05-07 21:58:02,387 - INFO - Cleaned original_title - filled NaN and stripped whitespace
2025-05-07 21:58:02,392 - INFO - Cleaned title - filled NaN and stripped whitespace
2025-05-07 21:58:02,395 - INFO - Cleaned original_language - filled NaN and stripped whitespace
2025-05-07 21:58:02,398 - INFO - Cleaned status - filled NaN and stripped whitespace
2025-05-07 21:58:02,427 - INFO - Cleaned director - filled NaN and stripped whitespace
2025-05-07 21:58:02,519 - INFO - Performing data quality validation...
2025-05-07 21:58:02,519 - WARNING - Unusually long runtime detected: 338.0 minutes
2025-05-07 21:58:02,519 - INFO - Data validation complete
2025-05-07 21:59:19,153 - INFO - Converted budget to numeric (with NaN values)
2025-05-07 21:59:19,153 - INFO - Converted revenue to numeric (with NaN values)
2025-05-07 21:59:19,153 - INFO - Converted vote_count to numeric (with NaN values)
2025-05-07 21:59:19,154 - INFO - Converted popularity to float64 (with NaN values)
2025-05-07 21:59:19,154 - INFO - Converted runtime to float64 (with NaN values)
2025-05-07 21:59:19,154 - INFO - Converted vote_average to float64 (with NaN values)
2025-05-07 21:59:19,155 - INFO - Converted release_date to datetime
2025-05-07 21:59:19,159 - INFO - Cleaned original_title - filled NaN and stripped whitespace
2025-05-07 21:59:19,163 - INFO - Cleaned title - filled NaN and stripped whitespace
2025-05-07 21:59:19,165 - INFO - Cleaned original_language - filled NaN and stripped whitespace
2025-05-07 21:59:19,168 - INFO - Cleaned status - filled NaN and stripped whitespace
2025-05-07 21:59:19,171 - INFO - Cleaned director - filled NaN and stripped whitespace
2025-05-07 21:59:19,226 - INFO - Performing data quality validation...
2025-05-07 21:59:19,226 - WARNING - Unusually long runtime detected: 338.0 minutes
2025-05-07 21:59:19,226 - INFO - Data validation complete
2025-05-07 22:01:17,834 - INFO - Converted budget to numeric (with NaN values)
2025-05-07 22:01:17,835 - INFO - Converted revenue to numeric (with NaN values)
2025-05-07 22:01:17,835 - INFO - Converted vote_count to numeric (with NaN values)
2025-05-07 22:01:17,835 - INFO - Converted popularity to float64 (with NaN values)
2025-05-07 22:01:17,836 - INFO - Converted runtime to float64 (with NaN values)
2025-05-07 22:01:17,836 - INFO - Converted vote_average to float64 (with NaN values)
2025-05-07 22:01:17,837 - INFO - Converted release_date to datetime
2025-05-07 22:01:17,841 - INFO - Cleaned original_title - filled NaN and stripped whitespace
2025-05-07 22:01:17,845 - INFO - Cleaned title - filled NaN and stripped whitespace
2025-05-07 22:01:17,847 - INFO - Cleaned original_language - filled NaN and stripped whitespace
2025-05-07 22:01:17,849 - INFO - Cleaned status - filled NaN and stripped whitespace
2025-05-07 22:01:17,853 - INFO - Cleaned director - filled NaN and stripped whitespace
2025-05-07 22:01:17,906 - INFO - Performing data quality validation...
2025-05-07 22:01:17,906 - WARNING - Unusually long runtime detected: 338.0 minutes
2025-05-07 22:01:17,906 - INFO - Data validation complete
2025-05-07 22:02:58,670 - INFO - Converted budget to numeric (with NaN values)
2025-05-07 22:02:58,670 - INFO - Converted revenue to numeric (with NaN values)
2025-05-07 22:02:58,670 - INFO - Converted vote_count to numeric (with NaN values)
2025-05-07 22:02:58,671 - INFO - Converted popularity to float64 (with NaN values)
2025-05-07 22:02:58,671 - INFO - Converted runtime to float64 (with NaN values)
2025-05-07 22:02:58,671 - INFO - Converted vote_average to float64 (with NaN values)
2025-05-07 22:02:58,672 - INFO - Converted release_date to datetime
2025-05-07 22:02:58,676 - INFO - Cleaned original_title - filled NaN and stripped whitespace
2025-05-07 22:02:58,680 - INFO - Cleaned title - filled NaN and stripped whitespace
2025-05-07 22:02:58,682 - INFO - Cleaned original_language - filled NaN and stripped whitespace
2025-05-07 22:02:58,684 - INFO - Cleaned status - filled NaN and stripped whitespace
2025-05-07 22:02:58,688 - INFO - Cleaned director - filled NaN and stripped whitespace
2025-05-07 22:02:58,741 - INFO - Performing data quality validation...
2025-05-07 22:02:58,741 - WARNING - Unusually long runtime detected: 338.0 minutes
2025-05-07 22:02:58,741 - INFO - Data validation complete
2025-05-07 22:03:36,603 - INFO - Converted budget to numeric (with NaN values)
2025-05-07 22:03:36,603 - INFO - Converted revenue to numeric (with NaN values)
2025-05-07 22:03:36,603 - INFO - Converted vote_count to numeric (with NaN values)
2025-05-07 22:03:36,603 - INFO - Converted popularity to float64 (with NaN values)
2025-05-07 22:03:36,603 - INFO - Converted runtime to float64 (with NaN values)
2025-05-07 22:03:36,603 - INFO - Converted vote_average to float64 (with NaN values)
2025-05-07 22:03:36,605 - INFO - Converted release_date to datetime
2025-05-07 22:03:36,609 - INFO - Cleaned original_title - filled NaN and stripped whitespace
2025-05-07 22:03:36,613 - INFO - Cleaned title - filled NaN and stripped whitespace
2025-05-07 22:03:36,615 - INFO - Cleaned original_language - filled NaN and stripped whitespace
2025-05-07 22:03:36,617 - INFO - Cleaned status - filled NaN and stripped whitespace
2025-05-07 22:03:36,620 - INFO - Cleaned director - filled NaN and stripped whitespace
2025-05-07 22:03:36,673 - INFO - Performing data quality validation...
2025-05-07 22:03:36,673 - WARNING - Unusually long runtime detected: 338.0 minutes
2025-05-07 22:03:36,673 - INFO - Data validation complete
2025-05-07 22:03:49,361 - INFO - Converted budget to numeric (with NaN values)
2025-05-07 22:03:49,361 - INFO - Converted revenue to numeric (with NaN values)
2025-05-07 22:03:49,361 - INFO - Converted vote_count to numeric (with NaN values)
2025-05-07 22:03:49,361 - INFO - Converted popularity to float64 (with NaN values)
2025-05-07 22:03:49,361 - INFO - Converted runtime to float64 (with NaN values)
2025-05-07 22:03:49,361 - INFO - Converted vote_average to float64 (with NaN values)
2025-05-07 22:03:49,363 - INFO - Converted release_date to datetime
2025-05-07 22:03:49,367 - INFO - Cleaned original_title - filled NaN and stripped whitespace
2025-05-07 22:03:49,370 - INFO - Cleaned title - filled NaN and stripped whitespace
2025-05-07 22:03:49,373 - INFO - Cleaned original_language - filled NaN and stripped whitespace
2025-05-07 22:03:49,375 - INFO - Cleaned status - filled NaN and stripped whitespace
2025-05-07 22:03:49,378 - INFO - Cleaned director - filled NaN and stripped whitespace
2025-05-07 22:03:49,432 - INFO - Performing data quality validation...
2025-05-07 22:03:49,433 - WARNING - Unusually long runtime detected: 338.0 minutes
2025-05-07 22:03:49,433 - INFO - Data validation complete
2025-05-07 22:04:34,761 - INFO - Converted budget to numeric (with NaN values)
2025-05-07 22:04:34,761 - INFO - Converted revenue to numeric (with NaN values)
2025-05-07 22:04:34,761 - INFO - Converted vote_count to numeric (with NaN values)
2025-05-07 22:04:34,761 - INFO - Converted popularity to float64 (with NaN values)
2025-05-07 22:04:34,761 - INFO - Converted runtime to float64 (with NaN values)
2025-05-07 22:04:34,761 - INFO - Converted vote_average to float64 (with NaN values)
2025-05-07 22:04:34,762 - INFO - Converted release_date to datetime
2025-05-07 22:04:34,766 - INFO - Cleaned original_title - filled NaN and stripped whitespace
2025-05-07 22:04:34,770 - INFO - Cleaned title - filled NaN and stripped whitespace
2025-05-07 22:04:34,772 - INFO - Cleaned original_language - filled NaN and stripped whitespace
2025-05-07 22:04:34,774 - INFO - Cleaned status - filled NaN and stripped whitespace
2025-05-07 22:04:34,778 - INFO - Cleaned director - filled NaN and stripped whitespace
2025-05-07 22:04:34,832 - INFO - Performing data quality validation...
2025-05-07 22:04:34,832 - WARNING - Unusually long runtime detected: 338.0 minutes
2025-05-07 22:04:34,832 - INFO - Data validation complete
2025-05-07 22:07:17,326 - INFO - Converted budget to numeric (with NaN values)
2025-05-07 22:07:17,326 - INFO - Converted revenue to numeric (with NaN values)
2025-05-07 22:07:17,327 - INFO - Converted vote_count to numeric (with NaN values)
2025-05-07 22:07:17,327 - INFO - Converted popularity to float64 (with NaN values)
2025-05-07 22:07:17,327 - INFO - Converted runtime to float64 (with NaN values)
2025-05-07 22:07:17,327 - INFO - Converted vote_average to float64 (with NaN values)
2025-05-07 22:07:17,328 - INFO - Converted release_date to datetime
2025-05-07 22:07:17,332 - INFO - Cleaned original_title - filled NaN and stripped whitespace
2025-05-07 22:07:17,336 - INFO - Cleaned title - filled NaN and stripped whitespace
2025-05-07 22:07:17,339 - INFO - Cleaned original_language - filled NaN and stripped whitespace
2025-05-07 22:07:17,341 - INFO - Cleaned status - filled NaN and stripped whitespace
2025-05-07 22:07:17,345 - INFO - Cleaned director - filled NaN and stripped whitespace
2025-05-07 22:07:17,402 - INFO - Performing data quality validation...
2025-05-07 22:07:17,402 - WARNING - Unusually long runtime detected: 338.0 minutes
2025-05-07 22:07:17,402 - INFO - Data validation complete
2025-05-07 22:08:04,514 - INFO - Converted budget to numeric (with NaN values)
2025-05-07 22:08:04,514 - INFO - Converted revenue to numeric (with NaN values)
2025-05-07 22:08:04,514 - INFO - Converted vote_count to numeric (with NaN values)
2025-05-07 22:08:04,514 - INFO - Converted popularity to float64 (with NaN values)
2025-05-07 22:08:04,514 - INFO - Converted runtime to float64 (with NaN values)
2025-05-07 22:08:04,514 - INFO - Converted vote_average to float64 (with NaN values)
2025-05-07 22:08:04,516 - INFO - Converted release_date to datetime
2025-05-07 22:08:04,520 - INFO - Cleaned original_title - filled NaN and stripped whitespace
2025-05-07 22:08:04,523 - INFO - Cleaned title - filled NaN and stripped whitespace
2025-05-07 22:08:04,526 - INFO - Cleaned original_language - filled NaN and stripped whitespace
2025-05-07 22:08:04,528 - INFO - Cleaned status - filled NaN and stripped whitespace
2025-05-07 22:08:04,532 - INFO - Cleaned director - filled NaN and stripped whitespace
2025-05-07 22:08:04,587 - INFO - Performing data quality validation...
2025-05-07 22:08:04,588 - WARNING - Unusually long runtime detected: 338.0 minutes
2025-05-07 22:08:04,588 - INFO - Data validation complete
2025-05-07 22:08:23,441 - INFO - Converted budget to numeric (with NaN values)
2025-05-07 22:08:23,442 - INFO - Converted revenue to numeric (with NaN values)
2025-05-07 22:08:23,442 - INFO - Converted vote_count to numeric (with NaN values)
2025-05-07 22:08:23,442 - INFO - Converted popularity to float64 (with NaN values)
2025-05-07 22:08:23,442 - INFO - Converted runtime to float64 (with NaN values)
2025-05-07 22:08:23,442 - INFO - Converted vote_average to float64 (with NaN values)
2025-05-07 22:08:23,443 - INFO - Converted release_date to datetime
2025-05-07 22:08:23,447 - INFO - Cleaned original_title - filled NaN and stripped whitespace
2025-05-07 22:08:23,451 - INFO - Cleaned title - filled NaN and stripped whitespace
2025-05-07 22:08:23,453 - INFO - Cleaned original_language - filled NaN and stripped whitespace
2025-05-07 22:08:23,455 - INFO - Cleaned status - filled NaN and stripped whitespace
2025-05-07 22:08:23,459 - INFO - Cleaned director - filled NaN and stripped whitespace
2025-05-07 22:08:23,514 - INFO - Performing data quality validation...
2025-05-07 22:08:23,514 - WARNING - Unusually long runtime detected: 338.0 minutes
2025-05-07 22:08:23,514 - INFO - Data validation complete
2025-05-07 22:09:59,400 - INFO - Converted budget to numeric (with NaN values)
2025-05-07 22:09:59,400 - INFO - Converted revenue to numeric (with NaN values)
2025-05-07 22:09:59,400 - INFO - Converted vote_count to numeric (with NaN values)
2025-05-07 22:09:59,400 - INFO - Converted popularity to float64 (with NaN values)
2025-05-07 22:09:59,400 - INFO - Converted runtime to float64 (with NaN values)
2025-05-07 22:09:59,400 - INFO - Converted vote_average to float64 (with NaN values)
2025-05-07 22:09:59,401 - INFO - Converted release_date to datetime
2025-05-07 22:09:59,406 - INFO - Cleaned original_title - filled NaN and stripped whitespace
2025-05-07 22:09:59,411 - INFO - Cleaned title - filled NaN and stripped whitespace
2025-05-07 22:09:59,413 - INFO - Cleaned original_language - filled NaN and stripped whitespace
2025-05-07 22:09:59,416 - INFO - Cleaned status - filled NaN and stripped whitespace
2025-05-07 22:09:59,419 - INFO - Cleaned director - filled NaN and stripped whitespace
2025-05-07 22:09:59,482 - INFO - Performing data quality validation...
2025-05-07 22:09:59,482 - WARNING - Unusually long runtime detected: 338.0 minutes
2025-05-07 22:09:59,482 - INFO - Data validation complete
2025-05-07 22:11:06,070 - INFO - Converted budget to numeric (with NaN values)
2025-05-07 22:11:06,070 - INFO - Converted revenue to numeric (with NaN values)
2025-05-07 22:11:06,070 - INFO - Converted vote_count to numeric (with NaN values)
2025-05-07 22:11:06,071 - INFO - Converted popularity to float64 (with NaN values)
2025-05-07 22:11:06,071 - INFO - Converted runtime to float64 (with NaN values)
2025-05-07 22:11:06,071 - INFO - Converted vote_average to float64 (with NaN values)
2025-05-07 22:11:06,072 - INFO - Converted release_date to datetime
2025-05-07 22:11:06,076 - INFO - Cleaned original_title - filled NaN and stripped whitespace
2025-05-07 22:11:06,080 - INFO - Cleaned title - filled NaN and stripped whitespace
2025-05-07 22:11:06,082 - INFO - Cleaned original_language - filled NaN and stripped whitespace
2025-05-07 22:11:06,084 - INFO - Cleaned status - filled NaN and stripped whitespace
2025-05-07 22:11:06,088 - INFO - Cleaned director - filled NaN and stripped whitespace
2025-05-07 22:11:06,142 - INFO - Performing data quality validation...
2025-05-07 22:11:06,142 - WARNING - Unusually long runtime detected: 338.0 minutes
2025-05-07 22:11:06,142 - INFO - Data validation complete
2025-05-07 22:12:32,688 - INFO - Converted budget to numeric (with NaN values)
2025-05-07 22:12:32,689 - INFO - Converted revenue to numeric (with NaN values)
2025-05-07 22:12:32,689 - INFO - Converted vote_count to numeric (with NaN values)
2025-05-07 22:12:32,689 - INFO - Converted popularity to float64 (with NaN values)
2025-05-07 22:12:32,689 - INFO - Converted runtime to float64 (with NaN values)
2025-05-07 22:12:32,689 - INFO - Converted vote_average to float64 (with NaN values)
2025-05-07 22:12:32,690 - INFO - Converted release_date to datetime
2025-05-07 22:12:32,694 - INFO - Cleaned original_title - filled NaN and stripped whitespace
2025-05-07 22:12:32,698 - INFO - Cleaned title - filled NaN and stripped whitespace
2025-05-07 22:12:32,700 - INFO - Cleaned original_language - filled NaN and stripped whitespace
2025-05-07 22:12:32,702 - INFO - Cleaned status - filled NaN and stripped whitespace
2025-05-07 22:12:32,706 - INFO - Cleaned director - filled NaN and stripped whitespace
2025-05-07 22:12:32,758 - INFO - Performing data quality validation...
2025-05-07 22:12:32,759 - WARNING - Unusually long runtime detected: 338.0 minutes
2025-05-07 22:12:32,759 - INFO - Data validation complete
2025-05-07 22:12:54,779 - INFO - Converted budget to numeric (with NaN values)
2025-05-07 22:12:54,779 - INFO - Converted revenue to numeric (with NaN values)
2025-05-07 22:12:54,779 - INFO - Converted vote_count to numeric (with NaN values)
2025-05-07 22:12:54,779 - INFO - Converted popularity to float64 (with NaN values)
2025-05-07 22:12:54,779 - INFO - Converted runtime to float64 (with NaN values)
2025-05-07 22:12:54,779 - INFO - Converted vote_average to float64 (with NaN values)
2025-05-07 22:12:54,780 - INFO - Converted release_date to datetime
2025-05-07 22:12:54,784 - INFO - Cleaned original_title - filled NaN and stripped whitespace
2025-05-07 22:12:54,788 - INFO - Cleaned title - filled NaN and stripped whitespace
2025-05-07 22:12:54,790 - INFO - Cleaned original_language - filled NaN and stripped whitespace
2025-05-07 22:12:54,792 - INFO - Cleaned status - filled NaN and stripped whitespace
2025-05-07 22:12:54,795 - INFO - Cleaned director - filled NaN and stripped whitespace
2025-05-07 22:12:54,849 - INFO - Performing data quality validation...
2025-05-07 22:12:54,849 - WARNING - Unusually long runtime detected: 338.0 minutes
2025-05-07 22:12:54,849 - INFO - Data validation complete
2025-05-07 22:13:09,895 - INFO - Converted budget to numeric (with NaN values)
2025-05-07 22:13:09,895 - INFO - Converted revenue to numeric (with NaN values)
2025-05-07 22:13:09,895 - INFO - Converted vote_count to numeric (with NaN values)
2025-05-07 22:13:09,895 - INFO - Converted popularity to float64 (with NaN values)
2025-05-07 22:13:09,895 - INFO - Converted runtime to float64 (with NaN values)
2025-05-07 22:13:09,895 - INFO - Converted vote_average to float64 (with NaN values)
2025-05-07 22:13:09,896 - INFO - Converted release_date to datetime
2025-05-07 22:13:09,900 - INFO - Cleaned original_title - filled NaN and stripped whitespace
2025-05-07 22:13:09,905 - INFO - Cleaned title - filled NaN and stripped whitespace
2025-05-07 22:13:09,907 - INFO - Cleaned original_language - filled NaN and stripped whitespace
2025-05-07 22:13:09,909 - INFO - Cleaned status - filled NaN and stripped whitespace
2025-05-07 22:13:09,913 - INFO - Cleaned director - filled NaN and stripped whitespace
2025-05-07 22:13:09,967 - INFO - Performing data quality validation...
2025-05-07 22:13:09,967 - WARNING - Unusually long runtime detected: 338.0 minutes
2025-05-07 22:13:09,967 - INFO - Data validation complete
2025-05-07 22:13:41,639 - INFO - Converted budget to numeric (with NaN values)
2025-05-07 22:13:41,639 - INFO - Converted revenue to numeric (with NaN values)
2025-05-07 22:13:41,640 - INFO - Converted vote_count to numeric (with NaN values)
2025-05-07 22:13:41,640 - INFO - Converted popularity to float64 (with NaN values)
2025-05-07 22:13:41,640 - INFO - Converted runtime to float64 (with NaN values)
2025-05-07 22:13:41,640 - INFO - Converted vote_average to float64 (with NaN values)
2025-05-07 22:13:41,641 - INFO - Converted release_date to datetime
2025-05-07 22:13:41,645 - INFO - Cleaned original_title - filled NaN and stripped whitespace
2025-05-07 22:13:41,649 - INFO - Cleaned title - filled NaN and stripped whitespace
2025-05-07 22:13:41,652 - INFO - Cleaned original_language - filled NaN and stripped whitespace
2025-05-07 22:13:41,654 - INFO - Cleaned status - filled NaN and stripped whitespace
2025-05-07 22:13:41,658 - INFO - Cleaned director - filled NaN and stripped whitespace
2025-05-07 22:13:41,715 - INFO - Performing data quality validation...
2025-05-07 22:13:41,715 - WARNING - Unusually long runtime detected: 338.0 minutes
2025-05-07 22:13:41,715 - INFO - Data validation complete
2025-05-07 22:13:50,040 - INFO - Converted budget to numeric (with NaN values)
2025-05-07 22:13:50,040 - INFO - Converted revenue to numeric (with NaN values)
2025-05-07 22:13:50,040 - INFO - Converted vote_count to numeric (with NaN values)
2025-05-07 22:13:50,041 - INFO - Converted popularity to float64 (with NaN values)
2025-05-07 22:13:50,041 - INFO - Converted runtime to float64 (with NaN values)
2025-05-07 22:13:50,041 - INFO - Converted vote_average to float64 (with NaN values)
2025-05-07 22:13:50,042 - INFO - Converted release_date to datetime
2025-05-07 22:13:50,046 - INFO - Cleaned original_title - filled NaN and stripped whitespace
2025-05-07 22:13:50,050 - INFO - Cleaned title - filled NaN and stripped whitespace
2025-05-07 22:13:50,052 - INFO - Cleaned original_language - filled NaN and stripped whitespace
2025-05-07 22:13:50,054 - INFO - Cleaned status - filled NaN and stripped whitespace
2025-05-07 22:13:50,058 - INFO - Cleaned director - filled NaN and stripped whitespace
2025-05-07 22:13:50,111 - INFO - Performing data quality validation...
2025-05-07 22:13:50,111 - WARNING - Unusually long runtime detected: 338.0 minutes
2025-05-07 22:13:50,111 - INFO - Data validation complete
2025-05-07 22:14:38,171 - INFO - Converted budget to numeric (with NaN values)
2025-05-07 22:14:38,171 - INFO - Converted revenue to numeric (with NaN values)
2025-05-07 22:14:38,171 - INFO - Converted vote_count to numeric (with NaN values)
2025-05-07 22:14:38,171 - INFO - Converted popularity to float64 (with NaN values)
2025-05-07 22:14:38,171 - INFO - Converted runtime to float64 (with NaN values)
2025-05-07 22:14:38,171 - INFO - Converted vote_average to float64 (with NaN values)
2025-05-07 22:14:38,172 - INFO - Converted release_date to datetime
2025-05-07 22:14:38,176 - INFO - Cleaned original_title - filled NaN and stripped whitespace
2025-05-07 22:14:38,180 - INFO - Cleaned title - filled NaN and stripped whitespace
2025-05-07 22:14:38,182 - INFO - Cleaned original_language - filled NaN and stripped whitespace
2025-05-07 22:14:38,184 - INFO - Cleaned status - filled NaN and stripped whitespace
2025-05-07 22:14:38,188 - INFO - Cleaned director - filled NaN and stripped whitespace
2025-05-07 22:14:38,241 - INFO - Performing data quality validation...
2025-05-07 22:14:38,241 - WARNING - Unusually long runtime detected: 338.0 minutes
2025-05-07 22:14:38,241 - INFO - Data validation complete
2025-05-07 22:15:41,353 - INFO - Converted budget to numeric (with NaN values)
2025-05-07 22:15:41,353 - INFO - Converted revenue to numeric (with NaN values)
2025-05-07 22:15:41,353 - INFO - Converted vote_count to numeric (with NaN values)
2025-05-07 22:15:41,354 - INFO - Converted popularity to float64 (with NaN values)
2025-05-07 22:15:41,354 - INFO - Converted runtime to float64 (with NaN values)
2025-05-07 22:15:41,354 - INFO - Converted vote_average to float64 (with NaN values)
2025-05-07 22:15:41,355 - INFO - Converted release_date to datetime
2025-05-07 22:15:41,359 - INFO - Cleaned original_title - filled NaN and stripped whitespace
2025-05-07 22:15:41,363 - INFO - Cleaned title - filled NaN and stripped whitespace
2025-05-07 22:15:41,366 - INFO - Cleaned original_language - filled NaN and stripped whitespace
2025-05-07 22:15:41,368 - INFO - Cleaned status - filled NaN and stripped whitespace
2025-05-07 22:15:41,371 - INFO - Cleaned director - filled NaN and stripped whitespace
2025-05-07 22:15:41,429 - INFO - Performing data quality validation...
2025-05-07 22:15:41,429 - WARNING - Unusually long runtime detected: 338.0 minutes
2025-05-07 22:15:41,429 - INFO - Data validation complete
2025-05-07 22:15:53,947 - INFO - Converted budget to numeric (with NaN values)
2025-05-07 22:15:53,947 - INFO - Converted revenue to numeric (with NaN values)
2025-05-07 22:15:53,947 - INFO - Converted vote_count to numeric (with NaN values)
2025-05-07 22:15:53,947 - INFO - Converted popularity to float64 (with NaN values)
2025-05-07 22:15:53,948 - INFO - Converted runtime to float64 (with NaN values)
2025-05-07 22:15:53,948 - INFO - Converted vote_average to float64 (with NaN values)
2025-05-07 22:15:53,949 - INFO - Converted release_date to datetime
2025-05-07 22:15:53,953 - INFO - Cleaned original_title - filled NaN and stripped whitespace
2025-05-07 22:15:53,957 - INFO - Cleaned title - filled NaN and stripped whitespace
2025-05-07 22:15:53,959 - INFO - Cleaned original_language - filled NaN and stripped whitespace
2025-05-07 22:15:53,961 - INFO - Cleaned status - filled NaN and stripped whitespace
2025-05-07 22:15:53,965 - INFO - Cleaned director - filled NaN and stripped whitespace
2025-05-07 22:15:54,019 - INFO - Performing data quality validation...
2025-05-07 22:15:54,019 - WARNING - Unusually long runtime detected: 338.0 minutes
2025-05-07 22:15:54,019 - INFO - Data validation complete
2025-05-07 22:17:11,433 - INFO - Converted budget to numeric (with NaN values)
2025-05-07 22:17:11,433 - INFO - Converted revenue to numeric (with NaN values)
2025-05-07 22:17:11,433 - INFO - Converted vote_count to numeric (with NaN values)
2025-05-07 22:17:11,433 - INFO - Converted popularity to float64 (with NaN values)
2025-05-07 22:17:11,433 - INFO - Converted runtime to float64 (with NaN values)
2025-05-07 22:17:11,433 - INFO - Converted vote_average to float64 (with NaN values)
2025-05-07 22:17:11,434 - INFO - Converted release_date to datetime
2025-05-07 22:17:11,438 - INFO - Cleaned original_title - filled NaN and stripped whitespace
2025-05-07 22:17:11,442 - INFO - Cleaned title - filled NaN and stripped whitespace
2025-05-07 22:17:11,444 - INFO - Cleaned original_language - filled NaN and stripped whitespace
2025-05-07 22:17:11,447 - INFO - Cleaned status - filled NaN and stripped whitespace
2025-05-07 22:17:11,451 - INFO - Cleaned director - filled NaN and stripped whitespace
2025-05-07 22:17:11,506 - INFO - Performing data quality validation...
2025-05-07 22:17:11,506 - WARNING - Unusually long runtime detected: 338.0 minutes
2025-05-07 22:17:11,506 - INFO - Data validation complete
2025-05-07 22:17:16,804 - INFO - Converted budget to numeric (with NaN values)
2025-05-07 22:17:16,804 - INFO - Converted revenue to numeric (with NaN values)
2025-05-07 22:17:16,804 - INFO - Converted vote_count to numeric (with NaN values)
2025-05-07 22:17:16,804 - INFO - Converted popularity to float64 (with NaN values)
2025-05-07 22:17:16,804 - INFO - Converted runtime to float64 (with NaN values)
2025-05-07 22:17:16,804 - INFO - Converted vote_average to float64 (with NaN values)
2025-05-07 22:17:16,805 - INFO - Converted release_date to datetime
2025-05-07 22:17:16,809 - INFO - Cleaned original_title - filled NaN and stripped whitespace
2025-05-07 22:17:16,814 - INFO - Cleaned title - filled NaN and stripped whitespace
2025-05-07 22:17:16,816 - INFO - Cleaned original_language - filled NaN and stripped whitespace
2025-05-07 22:17:16,818 - INFO - Cleaned status - filled NaN and stripped whitespace
2025-05-07 22:17:16,822 - INFO - Cleaned director - filled NaN and stripped whitespace
2025-05-07 22:17:16,877 - INFO - Performing data quality validation...
2025-05-07 22:17:16,877 - WARNING - Unusually long runtime detected: 338.0 minutes
2025-05-07 22:17:16,877 - INFO - Data validation complete
2025-05-07 22:17:32,302 - INFO - Converted budget to numeric (with NaN values)
2025-05-07 22:17:32,302 - INFO - Converted revenue to numeric (with NaN values)
2025-05-07 22:17:32,302 - INFO - Converted vote_count to numeric (with NaN values)
2025-05-07 22:17:32,302 - INFO - Converted popularity to float64 (with NaN values)
2025-05-07 22:17:32,302 - INFO - Converted runtime to float64 (with NaN values)
2025-05-07 22:17:32,302 - INFO - Converted vote_average to float64 (with NaN values)
2025-05-07 22:17:32,304 - INFO - Converted release_date to datetime
2025-05-07 22:17:32,308 - INFO - Cleaned original_title - filled NaN and stripped whitespace
2025-05-07 22:17:32,312 - INFO - Cleaned title - filled NaN and stripped whitespace
2025-05-07 22:17:32,314 - INFO - Cleaned original_language - filled NaN and stripped whitespace
2025-05-07 22:17:32,317 - INFO - Cleaned status - filled NaN and stripped whitespace
2025-05-07 22:17:32,321 - INFO - Cleaned director - filled NaN and stripped whitespace
2025-05-07 22:17:32,378 - INFO - Performing data quality validation...
2025-05-07 22:17:32,379 - WARNING - Unusually long runtime detected: 338.0 minutes
2025-05-07 22:17:32,379 - INFO - Data validation complete
2025-05-07 22:19:09,952 - INFO - Converted budget to numeric (with NaN values)
2025-05-07 22:19:09,952 - INFO - Converted revenue to numeric (with NaN values)
2025-05-07 22:19:09,953 - INFO - Converted vote_count to numeric (with NaN values)
2025-05-07 22:19:09,953 - INFO - Converted popularity to float64 (with NaN values)
2025-05-07 22:19:09,953 - INFO - Converted runtime to float64 (with NaN values)
2025-05-07 22:19:09,953 - INFO - Converted vote_average to float64 (with NaN values)
2025-05-07 22:19:09,980 - INFO - Converted release_date to datetime
2025-05-07 22:19:09,986 - INFO - Cleaned original_title - filled NaN and stripped whitespace
2025-05-07 22:19:09,996 - INFO - Cleaned title - filled NaN and stripped whitespace
2025-05-07 22:19:09,999 - INFO - Cleaned original_language - filled NaN and stripped whitespace
2025-05-07 22:19:10,002 - INFO - Cleaned status - filled NaN and stripped whitespace
2025-05-07 22:19:10,007 - INFO - Cleaned director - filled NaN and stripped whitespace
2025-05-07 22:19:10,098 - INFO - Performing data quality validation...
2025-05-07 22:19:10,099 - WARNING - Unusually long runtime detected: 338.0 minutes
2025-05-07 22:19:10,099 - INFO - Data validation complete
2025-05-07 22:19:10,120 - INFO - Dash is running on http://127.0.0.1:8050/

2025-05-07 22:19:11,259 - INFO - Converted budget to numeric (with NaN values)
2025-05-07 22:19:11,259 - INFO - Converted revenue to numeric (with NaN values)
2025-05-07 22:19:11,259 - INFO - Converted vote_count to numeric (with NaN values)
2025-05-07 22:19:11,260 - INFO - Converted popularity to float64 (with NaN values)
2025-05-07 22:19:11,260 - INFO - Converted runtime to float64 (with NaN values)
2025-05-07 22:19:11,260 - INFO - Converted vote_average to float64 (with NaN values)
2025-05-07 22:19:11,261 - INFO - Converted release_date to datetime
2025-05-07 22:19:11,266 - INFO - Cleaned original_title - filled NaN and stripped whitespace
2025-05-07 22:19:11,271 - INFO - Cleaned title - filled NaN and stripped whitespace
2025-05-07 22:19:11,274 - INFO - Cleaned original_language - filled NaN and stripped whitespace
2025-05-07 22:19:11,276 - INFO - Cleaned status - filled NaN and stripped whitespace
2025-05-07 22:19:11,281 - INFO - Cleaned director - filled NaN and stripped whitespace
2025-05-07 22:19:11,349 - INFO - Performing data quality validation...
2025-05-07 22:19:11,349 - WARNING - Unusually long runtime detected: 338.0 minutes
2025-05-07 22:19:11,349 - INFO - Data validation complete
2025-05-07 22:26:10,095 - INFO - Converted budget to numeric (with NaN values)
2025-05-07 22:26:10,095 - INFO - Converted revenue to numeric (with NaN values)
2025-05-07 22:26:10,095 - INFO - Converted vote_count to numeric (with NaN values)
2025-05-07 22:26:10,096 - INFO - Converted popularity to float64 (with NaN values)
2025-05-07 22:26:10,096 - INFO - Converted runtime to float64 (with NaN values)
2025-05-07 22:26:10,096 - INFO - Converted vote_average to float64 (with NaN values)
2025-05-07 22:26:10,100 - INFO - Converted release_date to datetime
2025-05-07 22:26:10,109 - INFO - Cleaned original_title - filled NaN and stripped whitespace
2025-05-07 22:26:10,118 - INFO - Cleaned title - filled NaN and stripped whitespace
2025-05-07 22:26:10,122 - INFO - Cleaned original_language - filled NaN and stripped whitespace
2025-05-07 22:26:10,125 - INFO - Cleaned status - filled NaN and stripped whitespace
2025-05-07 22:26:10,131 - INFO - Cleaned director - filled NaN and stripped whitespace
2025-05-07 22:26:10,227 - INFO - Performing data quality validation...
2025-05-07 22:26:10,227 - WARNING - Unusually long runtime detected: 338.0 minutes
2025-05-07 22:26:10,227 - INFO - Data validation complete
2025-05-07 22:26:10,265 - INFO - Dash is running on http://127.0.0.1:8050/

2025-05-07 22:26:11,711 - INFO - Converted budget to numeric (with NaN values)
2025-05-07 22:26:11,711 - INFO - Converted revenue to numeric (with NaN values)
2025-05-07 22:26:11,711 - INFO - Converted vote_count to numeric (with NaN values)
2025-05-07 22:26:11,712 - INFO - Converted popularity to float64 (with NaN values)
2025-05-07 22:26:11,712 - INFO - Converted runtime to float64 (with NaN values)
2025-05-07 22:26:11,713 - INFO - Converted vote_average to float64 (with NaN values)
2025-05-07 22:26:11,714 - INFO - Converted release_date to datetime
2025-05-07 22:26:11,719 - INFO - Cleaned original_title - filled NaN and stripped whitespace
2025-05-07 22:26:11,725 - INFO - Cleaned title - filled NaN and stripped whitespace
2025-05-07 22:26:11,728 - INFO - Cleaned original_language - filled NaN and stripped whitespace
2025-05-07 22:26:11,731 - INFO - Cleaned status - filled NaN and stripped whitespace
2025-05-07 22:26:11,749 - INFO - Cleaned director - filled NaN and stripped whitespace
2025-05-07 22:26:11,821 - INFO - Performing data quality validation...
2025-05-07 22:26:11,821 - WARNING - Unusually long runtime detected: 338.0 minutes
2025-05-07 22:26:11,821 - INFO - Data validation complete
2025-05-08 00:43:30,415 - INFO - Converted budget to numeric (with NaN values)
2025-05-08 00:43:30,415 - INFO - Converted revenue to numeric (with NaN values)
2025-05-08 00:43:30,415 - INFO - Converted vote_count to numeric (with NaN values)
2025-05-08 00:43:30,415 - INFO - Converted popularity to float64 (with NaN values)
2025-05-08 00:43:30,415 - INFO - Converted runtime to float64 (with NaN values)
2025-05-08 00:43:30,415 - INFO - Converted vote_average to float64 (with NaN values)
2025-05-08 00:43:30,417 - INFO - Converted release_date to datetime
2025-05-08 00:43:30,421 - INFO - Cleaned original_title - filled NaN and stripped whitespace
2025-05-08 00:43:30,425 - INFO - Cleaned title - filled NaN and stripped whitespace
2025-05-08 00:43:30,427 - INFO - Cleaned original_language - filled NaN and stripped whitespace
2025-05-08 00:43:30,430 - INFO - Cleaned status - filled NaN and stripped whitespace
2025-05-08 00:43:30,433 - INFO - Cleaned director - filled NaN and stripped whitespace
2025-05-08 00:43:30,488 - INFO - Performing data quality validation...
2025-05-08 00:43:30,488 - WARNING - Unusually long runtime detected: 338.0 minutes
2025-05-08 00:43:30,488 - INFO - Data validation complete
2025-05-08 00:43:41,358 - INFO - Converted budget to numeric (with NaN values)
2025-05-08 00:43:41,358 - INFO - Converted revenue to numeric (with NaN values)
2025-05-08 00:43:41,358 - INFO - Converted vote_count to numeric (with NaN values)
2025-05-08 00:43:41,358 - INFO - Converted popularity to float64 (with NaN values)
2025-05-08 00:43:41,358 - INFO - Converted runtime to float64 (with NaN values)
2025-05-08 00:43:41,358 - INFO - Converted vote_average to float64 (with NaN values)
2025-05-08 00:43:41,361 - INFO - Converted release_date to datetime
2025-05-08 00:43:41,366 - INFO - Cleaned original_title - filled NaN and stripped whitespace
2025-05-08 00:43:41,370 - INFO - Cleaned title - filled NaN and stripped whitespace
2025-05-08 00:43:41,373 - INFO - Cleaned original_language - filled NaN and stripped whitespace
2025-05-08 00:43:41,375 - INFO - Cleaned status - filled NaN and stripped whitespace
2025-05-08 00:43:41,380 - INFO - Cleaned director - filled NaN and stripped whitespace
2025-05-08 00:43:41,440 - INFO - Performing data quality validation...
2025-05-08 00:43:41,441 - WARNING - Unusually long runtime detected: 338.0 minutes
2025-05-08 00:43:41,441 - INFO - Data validation complete
2025-05-08 00:43:41,464 - INFO - Dash is running on http://127.0.0.1:8050/

2025-05-08 00:43:42,631 - INFO - Converted budget to numeric (with NaN values)
2025-05-08 00:43:42,631 - INFO - Converted revenue to numeric (with NaN values)
2025-05-08 00:43:42,631 - INFO - Converted vote_count to numeric (with NaN values)
2025-05-08 00:43:42,631 - INFO - Converted popularity to float64 (with NaN values)
2025-05-08 00:43:42,631 - INFO - Converted runtime to float64 (with NaN values)
2025-05-08 00:43:42,631 - INFO - Converted vote_average to float64 (with NaN values)
2025-05-08 00:43:42,633 - INFO - Converted release_date to datetime
2025-05-08 00:43:42,637 - INFO - Cleaned original_title - filled NaN and stripped whitespace
2025-05-08 00:43:42,642 - INFO - Cleaned title - filled NaN and stripped whitespace
2025-05-08 00:43:42,644 - INFO - Cleaned original_language - filled NaN and stripped whitespace
2025-05-08 00:43:42,647 - INFO - Cleaned status - filled NaN and stripped whitespace
2025-05-08 00:43:42,651 - INFO - Cleaned director - filled NaN and stripped whitespace
2025-05-08 00:43:42,711 - INFO - Performing data quality validation...
2025-05-08 00:43:42,711 - WARNING - Unusually long runtime detected: 338.0 minutes
2025-05-08 00:43:42,711 - INFO - Data validation complete
2025-05-08 00:44:19,751 - INFO - Converted budget to numeric (with NaN values)
2025-05-08 00:44:19,751 - INFO - Converted revenue to numeric (with NaN values)
2025-05-08 00:44:19,751 - INFO - Converted vote_count to numeric (with NaN values)
2025-05-08 00:44:19,751 - INFO - Converted popularity to float64 (with NaN values)
2025-05-08 00:44:19,751 - INFO - Converted runtime to float64 (with NaN values)
2025-05-08 00:44:19,751 - INFO - Converted vote_average to float64 (with NaN values)
2025-05-08 00:44:19,752 - INFO - Converted release_date to datetime
2025-05-08 00:44:19,756 - INFO - Cleaned original_title - filled NaN and stripped whitespace
2025-05-08 00:44:19,760 - INFO - Cleaned title - filled NaN and stripped whitespace
2025-05-08 00:44:19,762 - INFO - Cleaned original_language - filled NaN and stripped whitespace
2025-05-08 00:44:19,765 - INFO - Cleaned status - filled NaN and stripped whitespace
2025-05-08 00:44:19,768 - INFO - Cleaned director - filled NaN and stripped whitespace
2025-05-08 00:44:19,822 - INFO - Performing data quality validation...
2025-05-08 00:44:19,822 - WARNING - Unusually long runtime detected: 338.0 minutes
2025-05-08 00:44:19,822 - INFO - Data validation complete
2025-05-08 00:44:27,464 - INFO - Converted budget to numeric (with NaN values)
2025-05-08 00:44:27,464 - INFO - Converted revenue to numeric (with NaN values)
2025-05-08 00:44:27,464 - INFO - Converted vote_count to numeric (with NaN values)
2025-05-08 00:44:27,464 - INFO - Converted popularity to float64 (with NaN values)
2025-05-08 00:44:27,464 - INFO - Converted runtime to float64 (with NaN values)
2025-05-08 00:44:27,464 - INFO - Converted vote_average to float64 (with NaN values)
2025-05-08 00:44:27,466 - INFO - Converted release_date to datetime
2025-05-08 00:44:27,470 - INFO - Cleaned original_title - filled NaN and stripped whitespace
2025-05-08 00:44:27,474 - INFO - Cleaned title - filled NaN and stripped whitespace
2025-05-08 00:44:27,476 - INFO - Cleaned original_language - filled NaN and stripped whitespace
2025-05-08 00:44:27,479 - INFO - Cleaned status - filled NaN and stripped whitespace
2025-05-08 00:44:27,482 - INFO - Cleaned director - filled NaN and stripped whitespace
2025-05-08 00:44:27,560 - INFO - Performing data quality validation...
2025-05-08 00:44:27,560 - WARNING - Unusually long runtime detected: 338.0 minutes
2025-05-08 00:44:27,560 - INFO - Data validation complete
2025-05-08 00:44:43,897 - INFO - Converted budget to numeric (with NaN values)
2025-05-08 00:44:43,898 - INFO - Converted revenue to numeric (with NaN values)
2025-05-08 00:44:43,898 - INFO - Converted vote_count to numeric (with NaN values)
2025-05-08 00:44:43,898 - INFO - Converted popularity to float64 (with NaN values)
2025-05-08 00:44:43,898 - INFO - Converted runtime to float64 (with NaN values)
2025-05-08 00:44:43,898 - INFO - Converted vote_average to float64 (with NaN values)
2025-05-08 00:44:43,899 - INFO - Converted release_date to datetime
2025-05-08 00:44:43,904 - INFO - Cleaned original_title - filled NaN and stripped whitespace
2025-05-08 00:44:43,908 - INFO - Cleaned title - filled NaN and stripped whitespace
2025-05-08 00:44:43,911 - INFO - Cleaned original_language - filled NaN and stripped whitespace
2025-05-08 00:44:43,913 - INFO - Cleaned status - filled NaN and stripped whitespace
2025-05-08 00:44:43,917 - INFO - Cleaned director - filled NaN and stripped whitespace
2025-05-08 00:44:43,977 - INFO - Performing data quality validation...
2025-05-08 00:44:43,977 - WARNING - Unusually long runtime detected: 338.0 minutes
2025-05-08 00:44:43,977 - INFO - Data validation complete
2025-05-08 00:44:43,998 - INFO - Dash is running on http://127.0.0.1:8050/

2025-05-08 00:44:45,181 - INFO - Converted budget to numeric (with NaN values)
2025-05-08 00:44:45,182 - INFO - Converted revenue to numeric (with NaN values)
2025-05-08 00:44:45,182 - INFO - Converted vote_count to numeric (with NaN values)
2025-05-08 00:44:45,182 - INFO - Converted popularity to float64 (with NaN values)
2025-05-08 00:44:45,182 - INFO - Converted runtime to float64 (with NaN values)
2025-05-08 00:44:45,182 - INFO - Converted vote_average to float64 (with NaN values)
2025-05-08 00:44:45,184 - INFO - Converted release_date to datetime
2025-05-08 00:44:45,189 - INFO - Cleaned original_title - filled NaN and stripped whitespace
2025-05-08 00:44:45,193 - INFO - Cleaned title - filled NaN and stripped whitespace
2025-05-08 00:44:45,196 - INFO - Cleaned original_language - filled NaN and stripped whitespace
2025-05-08 00:44:45,198 - INFO - Cleaned status - filled NaN and stripped whitespace
2025-05-08 00:44:45,202 - INFO - Cleaned director - filled NaN and stripped whitespace
2025-05-08 00:44:45,263 - INFO - Performing data quality validation...
2025-05-08 00:44:45,264 - WARNING - Unusually long runtime detected: 338.0 minutes
2025-05-08 00:44:45,264 - INFO - Data validation complete
2025-05-08 00:48:08,912 - INFO - Converted budget to numeric (with NaN values)
2025-05-08 00:48:08,913 - INFO - Converted revenue to numeric (with NaN values)
2025-05-08 00:48:08,913 - INFO - Converted vote_count to numeric (with NaN values)
2025-05-08 00:48:08,913 - INFO - Converted popularity to float64 (with NaN values)
2025-05-08 00:48:08,913 - INFO - Converted runtime to float64 (with NaN values)
2025-05-08 00:48:08,913 - INFO - Converted vote_average to float64 (with NaN values)
2025-05-08 00:48:08,915 - INFO - Converted release_date to datetime
2025-05-08 00:48:08,920 - INFO - Cleaned original_title - filled NaN and stripped whitespace
2025-05-08 00:48:08,925 - INFO - Cleaned title - filled NaN and stripped whitespace
2025-05-08 00:48:08,928 - INFO - Cleaned original_language - filled NaN and stripped whitespace
2025-05-08 00:48:08,934 - INFO - Cleaned status - filled NaN and stripped whitespace
2025-05-08 00:48:08,939 - INFO - Cleaned director - filled NaN and stripped whitespace
2025-05-08 00:48:09,009 - INFO - Performing data quality validation...
2025-05-08 00:48:09,009 - WARNING - Unusually long runtime detected: 338.0 minutes
2025-05-08 00:48:09,010 - INFO - Data validation complete
2025-05-08 00:48:16,595 - INFO - Converted budget to numeric (with NaN values)
2025-05-08 00:48:16,595 - INFO - Converted revenue to numeric (with NaN values)
2025-05-08 00:48:16,595 - INFO - Converted vote_count to numeric (with NaN values)
2025-05-08 00:48:16,596 - INFO - Converted popularity to float64 (with NaN values)
2025-05-08 00:48:16,596 - INFO - Converted runtime to float64 (with NaN values)
2025-05-08 00:48:16,596 - INFO - Converted vote_average to float64 (with NaN values)
2025-05-08 00:48:16,597 - INFO - Converted release_date to datetime
2025-05-08 00:48:16,602 - INFO - Cleaned original_title - filled NaN and stripped whitespace
2025-05-08 00:48:16,606 - INFO - Cleaned title - filled NaN and stripped whitespace
2025-05-08 00:48:16,609 - INFO - Cleaned original_language - filled NaN and stripped whitespace
2025-05-08 00:48:16,611 - INFO - Cleaned status - filled NaN and stripped whitespace
2025-05-08 00:48:16,615 - INFO - Cleaned director - filled NaN and stripped whitespace
2025-05-08 00:48:16,674 - INFO - Performing data quality validation...
2025-05-08 00:48:16,674 - WARNING - Unusually long runtime detected: 338.0 minutes
2025-05-08 00:48:16,675 - INFO - Data validation complete
2025-05-08 00:48:16,696 - INFO - Dash is running on http://127.0.0.1:8050/

2025-05-08 00:48:17,886 - INFO - Converted budget to numeric (with NaN values)
2025-05-08 00:48:17,889 - INFO - Converted revenue to numeric (with NaN values)
2025-05-08 00:48:17,889 - INFO - Converted vote_count to numeric (with NaN values)
2025-05-08 00:48:17,890 - INFO - Converted popularity to float64 (with NaN values)
2025-05-08 00:48:17,892 - INFO - Converted runtime to float64 (with NaN values)
2025-05-08 00:48:17,895 - INFO - Converted vote_average to float64 (with NaN values)
2025-05-08 00:48:17,899 - INFO - Converted release_date to datetime
2025-05-08 00:48:17,908 - INFO - Cleaned original_title - filled NaN and stripped whitespace
2025-05-08 00:48:17,913 - INFO - Cleaned title - filled NaN and stripped whitespace
2025-05-08 00:48:17,916 - INFO - Cleaned original_language - filled NaN and stripped whitespace
2025-05-08 00:48:17,920 - INFO - Cleaned status - filled NaN and stripped whitespace
2025-05-08 00:48:17,925 - INFO - Cleaned director - filled NaN and stripped whitespace
2025-05-08 00:48:17,985 - INFO - Performing data quality validation...
2025-05-08 00:48:17,986 - WARNING - Unusually long runtime detected: 338.0 minutes
2025-05-08 00:48:17,986 - INFO - Data validation complete
2025-05-08 00:50:24,041 - INFO - Converted budget to numeric (with NaN values)
2025-05-08 00:50:24,041 - INFO - Converted revenue to numeric (with NaN values)
2025-05-08 00:50:24,041 - INFO - Converted vote_count to numeric (with NaN values)
2025-05-08 00:50:24,041 - INFO - Converted popularity to float64 (with NaN values)
2025-05-08 00:50:24,041 - INFO - Converted runtime to float64 (with NaN values)
2025-05-08 00:50:24,041 - INFO - Converted vote_average to float64 (with NaN values)
2025-05-08 00:50:24,042 - INFO - Converted release_date to datetime
2025-05-08 00:50:24,046 - INFO - Cleaned original_title - filled NaN and stripped whitespace
2025-05-08 00:50:24,050 - INFO - Cleaned title - filled NaN and stripped whitespace
2025-05-08 00:50:24,053 - INFO - Cleaned original_language - filled NaN and stripped whitespace
2025-05-08 00:50:24,055 - INFO - Cleaned status - filled NaN and stripped whitespace
2025-05-08 00:50:24,058 - INFO - Cleaned director - filled NaN and stripped whitespace
2025-05-08 00:50:24,113 - INFO - Performing data quality validation...
2025-05-08 00:50:24,113 - WARNING - Unusually long runtime detected: 338.0 minutes
2025-05-08 00:50:24,113 - INFO - Data validation complete
2025-05-08 00:51:00,549 - INFO - Converted budget to numeric (with NaN values)
2025-05-08 00:51:00,549 - INFO - Converted revenue to numeric (with NaN values)
2025-05-08 00:51:00,549 - INFO - Converted vote_count to numeric (with NaN values)
2025-05-08 00:51:00,550 - INFO - Converted popularity to float64 (with NaN values)
2025-05-08 00:51:00,550 - INFO - Converted runtime to float64 (with NaN values)
2025-05-08 00:51:00,550 - INFO - Converted vote_average to float64 (with NaN values)
2025-05-08 00:51:00,552 - INFO - Converted release_date to datetime
2025-05-08 00:51:00,556 - INFO - Cleaned original_title - filled NaN and stripped whitespace
2025-05-08 00:51:00,561 - INFO - Cleaned title - filled NaN and stripped whitespace
2025-05-08 00:51:00,563 - INFO - Cleaned original_language - filled NaN and stripped whitespace
2025-05-08 00:51:00,566 - INFO - Cleaned status - filled NaN and stripped whitespace
2025-05-08 00:51:00,570 - INFO - Cleaned director - filled NaN and stripped whitespace
2025-05-08 00:51:00,654 - INFO - Performing data quality validation...
2025-05-08 00:51:00,655 - WARNING - Unusually long runtime detected: 338.0 minutes
2025-05-08 00:51:00,655 - INFO - Data validation complete
2025-05-08 00:51:00,677 - INFO - Dash is running on http://127.0.0.1:8050/

2025-05-08 00:51:01,839 - INFO - Converted budget to numeric (with NaN values)
2025-05-08 00:51:01,839 - INFO - Converted revenue to numeric (with NaN values)
2025-05-08 00:51:01,839 - INFO - Converted vote_count to numeric (with NaN values)
2025-05-08 00:51:01,839 - INFO - Converted popularity to float64 (with NaN values)
2025-05-08 00:51:01,839 - INFO - Converted runtime to float64 (with NaN values)
2025-05-08 00:51:01,839 - INFO - Converted vote_average to float64 (with NaN values)
2025-05-08 00:51:01,841 - INFO - Converted release_date to datetime
2025-05-08 00:51:01,846 - INFO - Cleaned original_title - filled NaN and stripped whitespace
2025-05-08 00:51:01,861 - INFO - Cleaned title - filled NaN and stripped whitespace
2025-05-08 00:51:01,870 - INFO - Cleaned original_language - filled NaN and stripped whitespace
2025-05-08 00:51:01,876 - INFO - Cleaned status - filled NaN and stripped whitespace
2025-05-08 00:51:01,880 - INFO - Cleaned director - filled NaN and stripped whitespace
2025-05-08 00:51:01,942 - INFO - Performing data quality validation...
2025-05-08 00:51:01,942 - WARNING - Unusually long runtime detected: 338.0 minutes
2025-05-08 00:51:01,942 - INFO - Data validation complete
2025-05-08 00:51:24,087 - INFO - Converted budget to numeric (with NaN values)
2025-05-08 00:51:24,087 - INFO - Converted revenue to numeric (with NaN values)
2025-05-08 00:51:24,087 - INFO - Converted vote_count to numeric (with NaN values)
2025-05-08 00:51:24,087 - INFO - Converted popularity to float64 (with NaN values)
2025-05-08 00:51:24,087 - INFO - Converted runtime to float64 (with NaN values)
2025-05-08 00:51:24,087 - INFO - Converted vote_average to float64 (with NaN values)
2025-05-08 00:51:24,089 - INFO - Converted release_date to datetime
2025-05-08 00:51:24,093 - INFO - Cleaned original_title - filled NaN and stripped whitespace
2025-05-08 00:51:24,097 - INFO - Cleaned title - filled NaN and stripped whitespace
2025-05-08 00:51:24,099 - INFO - Cleaned original_language - filled NaN and stripped whitespace
2025-05-08 00:51:24,101 - INFO - Cleaned status - filled NaN and stripped whitespace
2025-05-08 00:51:24,105 - INFO - Cleaned director - filled NaN and stripped whitespace
2025-05-08 00:51:24,157 - INFO - Performing data quality validation...
2025-05-08 00:51:24,157 - WARNING - Unusually long runtime detected: 338.0 minutes
2025-05-08 00:51:24,157 - INFO - Data validation complete
2025-05-08 00:51:39,004 - INFO - Converted budget to numeric (with NaN values)
2025-05-08 00:51:39,004 - INFO - Converted revenue to numeric (with NaN values)
2025-05-08 00:51:39,004 - INFO - Converted vote_count to numeric (with NaN values)
2025-05-08 00:51:39,004 - INFO - Converted popularity to float64 (with NaN values)
2025-05-08 00:51:39,005 - INFO - Converted runtime to float64 (with NaN values)
2025-05-08 00:51:39,005 - INFO - Converted vote_average to float64 (with NaN values)
2025-05-08 00:51:39,006 - INFO - Converted release_date to datetime
2025-05-08 00:51:39,010 - INFO - Cleaned original_title - filled NaN and stripped whitespace
2025-05-08 00:51:39,014 - INFO - Cleaned title - filled NaN and stripped whitespace
2025-05-08 00:51:39,016 - INFO - Cleaned original_language - filled NaN and stripped whitespace
2025-05-08 00:51:39,018 - INFO - Cleaned status - filled NaN and stripped whitespace
2025-05-08 00:51:39,022 - INFO - Cleaned director - filled NaN and stripped whitespace
2025-05-08 00:51:39,078 - INFO - Performing data quality validation...
2025-05-08 00:51:39,078 - WARNING - Unusually long runtime detected: 338.0 minutes
2025-05-08 00:51:39,078 - INFO - Data validation complete
2025-05-08 00:51:47,742 - INFO - Converted budget to numeric (with NaN values)
2025-05-08 00:51:47,743 - INFO - Converted revenue to numeric (with NaN values)
2025-05-08 00:51:47,743 - INFO - Converted vote_count to numeric (with NaN values)
2025-05-08 00:51:47,743 - INFO - Converted popularity to float64 (with NaN values)
2025-05-08 00:51:47,743 - INFO - Converted runtime to float64 (with NaN values)
2025-05-08 00:51:47,743 - INFO - Converted vote_average to float64 (with NaN values)
2025-05-08 00:51:47,744 - INFO - Converted release_date to datetime
2025-05-08 00:51:47,748 - INFO - Cleaned original_title - filled NaN and stripped whitespace
2025-05-08 00:51:47,752 - INFO - Cleaned title - filled NaN and stripped whitespace
2025-05-08 00:51:47,754 - INFO - Cleaned original_language - filled NaN and stripped whitespace
2025-05-08 00:51:47,756 - INFO - Cleaned status - filled NaN and stripped whitespace
2025-05-08 00:51:47,759 - INFO - Cleaned director - filled NaN and stripped whitespace
2025-05-08 00:51:47,813 - INFO - Performing data quality validation...
2025-05-08 00:51:47,813 - WARNING - Unusually long runtime detected: 338.0 minutes
2025-05-08 00:51:47,813 - INFO - Data validation complete
2025-05-08 01:27:41,644 - INFO - Converted budget to numeric (with NaN values)
2025-05-08 01:27:41,644 - INFO - Converted revenue to numeric (with NaN values)
2025-05-08 01:27:41,644 - INFO - Converted vote_count to numeric (with NaN values)
2025-05-08 01:27:41,644 - INFO - Converted popularity to float64 (with NaN values)
2025-05-08 01:27:41,645 - INFO - Converted runtime to float64 (with NaN values)
2025-05-08 01:27:41,645 - INFO - Converted vote_average to float64 (with NaN values)
2025-05-08 01:27:41,646 - INFO - Converted release_date to datetime
2025-05-08 01:27:41,651 - INFO - Cleaned original_title - filled NaN and stripped whitespace
2025-05-08 01:27:41,655 - INFO - Cleaned title - filled NaN and stripped whitespace
2025-05-08 01:27:41,658 - INFO - Cleaned original_language - filled NaN and stripped whitespace
2025-05-08 01:27:41,661 - INFO - Cleaned status - filled NaN and stripped whitespace
2025-05-08 01:27:41,665 - INFO - Cleaned director - filled NaN and stripped whitespace
2025-05-08 01:27:41,726 - INFO - Performing data quality validation...
2025-05-08 01:27:41,726 - WARNING - Unusually long runtime detected: 338.0 minutes
2025-05-08 01:27:41,726 - INFO - Data validation complete
2025-05-08 01:27:41,746 - INFO - Dash is running on http://127.0.0.1:8050/

2025-05-08 01:27:42,869 - INFO - Converted budget to numeric (with NaN values)
2025-05-08 01:27:42,869 - INFO - Converted revenue to numeric (with NaN values)
2025-05-08 01:27:42,869 - INFO - Converted vote_count to numeric (with NaN values)
2025-05-08 01:27:42,869 - INFO - Converted popularity to float64 (with NaN values)
2025-05-08 01:27:42,869 - INFO - Converted runtime to float64 (with NaN values)
2025-05-08 01:27:42,869 - INFO - Converted vote_average to float64 (with NaN values)
2025-05-08 01:27:42,871 - INFO - Converted release_date to datetime
2025-05-08 01:27:42,876 - INFO - Cleaned original_title - filled NaN and stripped whitespace
2025-05-08 01:27:42,880 - INFO - Cleaned title - filled NaN and stripped whitespace
2025-05-08 01:27:42,883 - INFO - Cleaned original_language - filled NaN and stripped whitespace
2025-05-08 01:27:42,885 - INFO - Cleaned status - filled NaN and stripped whitespace
2025-05-08 01:27:42,889 - INFO - Cleaned director - filled NaN and stripped whitespace
2025-05-08 01:27:42,951 - INFO - Performing data quality validation...
2025-05-08 01:27:42,951 - WARNING - Unusually long runtime detected: 338.0 minutes
2025-05-08 01:27:42,951 - INFO - Data validation complete
2025-05-08 01:53:47,307 - INFO - Converted budget to numeric (with NaN values)
2025-05-08 01:53:47,307 - INFO - Converted revenue to numeric (with NaN values)
2025-05-08 01:53:47,307 - INFO - Converted vote_count to numeric (with NaN values)
2025-05-08 01:53:47,308 - INFO - Converted popularity to float64 (with NaN values)
2025-05-08 01:53:47,308 - INFO - Converted runtime to float64 (with NaN values)
2025-05-08 01:53:47,308 - INFO - Converted vote_average to float64 (with NaN values)
2025-05-08 01:53:47,311 - INFO - Converted release_date to datetime
2025-05-08 01:53:47,316 - INFO - Cleaned original_title - filled NaN and stripped whitespace
2025-05-08 01:53:47,320 - INFO - Cleaned title - filled NaN and stripped whitespace
2025-05-08 01:53:47,322 - INFO - Cleaned original_language - filled NaN and stripped whitespace
2025-05-08 01:53:47,326 - INFO - Cleaned status - filled NaN and stripped whitespace
2025-05-08 01:53:47,329 - INFO - Cleaned director - filled NaN and stripped whitespace
2025-05-08 01:53:47,390 - INFO - Performing data quality validation...
2025-05-08 01:53:47,391 - WARNING - Unusually long runtime detected: 338.0 minutes
2025-05-08 01:53:47,391 - INFO - Data validation complete
2025-05-08 01:53:47,413 - INFO - Dash is running on http://127.0.0.1:8050/

2025-05-08 01:53:48,575 - INFO - Converted budget to numeric (with NaN values)
2025-05-08 01:53:48,575 - INFO - Converted revenue to numeric (with NaN values)
2025-05-08 01:53:48,575 - INFO - Converted vote_count to numeric (with NaN values)
2025-05-08 01:53:48,576 - INFO - Converted popularity to float64 (with NaN values)
2025-05-08 01:53:48,576 - INFO - Converted runtime to float64 (with NaN values)
2025-05-08 01:53:48,576 - INFO - Converted vote_average to float64 (with NaN values)
2025-05-08 01:53:48,577 - INFO - Converted release_date to datetime
2025-05-08 01:53:48,583 - INFO - Cleaned original_title - filled NaN and stripped whitespace
2025-05-08 01:53:48,588 - INFO - Cleaned title - filled NaN and stripped whitespace
2025-05-08 01:53:48,591 - INFO - Cleaned original_language - filled NaN and stripped whitespace
2025-05-08 01:53:48,599 - INFO - Cleaned status - filled NaN and stripped whitespace
2025-05-08 01:53:48,616 - INFO - Cleaned director - filled NaN and stripped whitespace
2025-05-08 01:53:48,685 - INFO - Performing data quality validation...
2025-05-08 01:53:48,685 - WARNING - Unusually long runtime detected: 338.0 minutes
2025-05-08 01:53:48,685 - INFO - Data validation complete
2025-05-08 17:46:44,433 - INFO - Converted budget to numeric (with NaN values)
2025-05-08 17:46:44,433 - INFO - Converted revenue to numeric (with NaN values)
2025-05-08 17:46:44,433 - INFO - Converted vote_count to numeric (with NaN values)
2025-05-08 17:46:44,433 - INFO - Converted popularity to float64 (with NaN values)
2025-05-08 17:46:44,434 - INFO - Converted runtime to float64 (with NaN values)
2025-05-08 17:46:44,434 - INFO - Converted vote_average to float64 (with NaN values)
2025-05-08 17:46:44,436 - INFO - Converted release_date to datetime
2025-05-08 17:46:44,440 - INFO - Cleaned original_title - filled NaN and stripped whitespace
2025-05-08 17:46:44,445 - INFO - Cleaned title - filled NaN and stripped whitespace
2025-05-08 17:46:44,447 - INFO - Cleaned original_language - filled NaN and stripped whitespace
2025-05-08 17:46:44,450 - INFO - Cleaned status - filled NaN and stripped whitespace
2025-05-08 17:46:44,453 - INFO - Cleaned director - filled NaN and stripped whitespace
2025-05-08 17:46:44,513 - INFO - Performing data quality validation...
2025-05-08 17:46:44,513 - WARNING - Unusually long runtime detected: 338.0 minutes
2025-05-08 17:46:44,513 - INFO - Data validation complete
2025-05-08 17:46:44,558 - INFO - Dash is running on http://127.0.0.1:8050/

2025-05-08 17:46:45,822 - INFO - Converted budget to numeric (with NaN values)
2025-05-08 17:46:45,822 - INFO - Converted revenue to numeric (with NaN values)
2025-05-08 17:46:45,823 - INFO - Converted vote_count to numeric (with NaN values)
2025-05-08 17:46:45,823 - INFO - Converted popularity to float64 (with NaN values)
2025-05-08 17:46:45,823 - INFO - Converted runtime to float64 (with NaN values)
2025-05-08 17:46:45,823 - INFO - Converted vote_average to float64 (with NaN values)
2025-05-08 17:46:45,825 - INFO - Converted release_date to datetime
2025-05-08 17:46:45,829 - INFO - Cleaned original_title - filled NaN and stripped whitespace
2025-05-08 17:46:45,833 - INFO - Cleaned title - filled NaN and stripped whitespace
2025-05-08 17:46:45,836 - INFO - Cleaned original_language - filled NaN and stripped whitespace
2025-05-08 17:46:45,839 - INFO - Cleaned status - filled NaN and stripped whitespace
2025-05-08 17:46:45,843 - INFO - Cleaned director - filled NaN and stripped whitespace
2025-05-08 17:46:45,903 - INFO - Performing data quality validation...
2025-05-08 17:46:45,904 - WARNING - Unusually long runtime detected: 338.0 minutes
2025-05-08 17:46:45,904 - INFO - Data validation complete
